5Aet8Hb	https://liff.line.me/1654883387-DxN9w07M/c/01KZXCZYXX1EPKNWKP3PCXPXXP
5jmW82G	https://liff.line.me/1654883387-DxN9w07M/c/01KZX62R1NFB241N5XWZ5E3TKW
5GSJ2ntk	https://liff.line.me/1654883387-DxN9w07M/c/01KZX7HAA9DZXZSDS5HJZ3AQFC
5HQbZlb	https://liff.line.me/1654883387-DxN9w07M/c/01KZWT6RQ5CDTRD66W8YY787NA
6WSEOcZ	https://liff.line.me/1654883387-DxN9w07M/c/01KZXCTCZXJNGG5DHXZ5T1SWV6
644SsQg	https://liff.line.me/1654883387-DxN9w07M/c/01KZX5ZFNQ0Q0F4WZYRJCSE6W7
5pAirQR	https://liff.line.me/1654883387-DxN9w07M/c/01KZTM1TWCTVXE4ZKRNGTDQ4TK
5GNgIi5	https://liff.line.me/1654883387-DxN9w07M/c/01KZXCMB5CNA5BX34XZEMDYZM0
6cfyglA	https://liff.line.me/1654883387-DxN9w07M/c/01KZD7WSB6ZEBA1MKX8PC6FK9D
6k4tb0K	https://liff.line.me/1654883387-DxN9w07M/c/01KZR4BDJQ4ZNWWJCM76F0F88S
7OSjTU8	https://liff.line.me/1654883387-DxN9w07M/c/01KZTG73SHYV23138EKM6ASXMG
7WazR8P	https://liff.line.me/1654883387-DxN9w07M/c/01KZXDX6BQAEQA6AWSXQ13GRZY
7ocbivo	https://liff.line.me/1654883387-DxN9w07M/c/01KZWTCHNFQ9HCG61V1FFZBD0N
7P23pKi	https://liff.line.me/1654883387-DxN9w07M/c/01KZR5YGGRGTEHT0T2QDBQMK5M
7EDLvX9	https://liff.line.me/1654883387-DxN9w07M/c/01KZR48JV6EQ4WWH5ZRA88ZQJ5
7jo7OFc	https://liff.line.me/1654883387-DxN9w07M/c/01KZTZTBF0BQTP46PNRGRDG0W4
7rSRe0u	https://liff.line.me/1654883387-DxN9w07M/c/01KZXBYRN3DT5TYJX55C3P4645
8SY4dUZ	https://liff.line.me/1654883387-DxN9w07M/c/01KZV02JT5T2X49096F8SJMTV3
8jPE1ce	https://liff.line.me/1654883387-DxN9w07M/c/01KZXCQPDDGN1YTP4ZXT6H7DMK
7wA4qbm	https://liff.line.me/1654883387-DxN9w07M/c/01KZWT81B0VFPJC7VGY77NBS9M
9O8slTa	https://liff.line.me/1654883387-DxN9w07M/c/01KZR72P5Z4M3Y6WF1FJKM4AT4
8WJ19qT	https://liff.line.me/1654883387-DxN9w07M/c/01KZX6P19GZNXMJ08JEBM9HVNH
8vBNUDs	https://liff.line.me/1654883387-DxN9w07M/c/01KZWTASRVP8TPRV10TRJRDXPM
975xHJ6	https://liff.line.me/1654883387-DxN9w07M/c/01KZTZR3XP00TYE0GQDTRA1NT4
9TAQ66x	https://liff.line.me/1654883387-DxN9w07M/c/01KZR4905DT5NXSBQHACJ7Z7YT
9mPn8wj	https://liff.line.me/1654883387-DxN9w07M/c/01KZR4CPRP0NVF1HB7PFMETH4D
9i7EDbm	https://liff.line.me/1654883387-DxN9w07M/c/01KZTM0ZBJBHAN22MQG5K3J9VG
9lbDLNt	https://liff.line.me/1654883387-DxN9w07M/c/01KZWT8HZBJHBZJ7P2W99YZTQA
NAU9RtU	https://liff.line.me/1654883387-DxN9w07M/c/01KZD80KN1KMQQSCD7EZY6RFKN
9r6pSFt	https://liff.line.me/1654883387-DxN9w07M/c/01KZX5WJQTE3V2KNJ5AAS9AQPX
9SwTYxh	https://liff.line.me/1654883387-DxN9w07M/c/01KZR462YF561VGMB7VGXFF0C6
NUVnetM	https://liff.line.me/1654883387-DxN9w07M/c/01KZR6Q4KWWYY2S3DRJ1E88C1C
Nn5V58T	https://liff.line.me/1654883387-DxN9w07M/c/01KZXCK879W6D2DCT4D5B67M0F
OlS5tS9	https://liff.line.me/1654883387-DxN9w07M/c/01KZWMZGE0VNHTP175E1TG0BXZ
OmQrR2U	https://liff.line.me/1654883387-DxN9w07M/c/01KZX66GDCVDM7S4H68J44KSMZ
O1PImGR	https://liff.line.me/1654883387-DxN9w07M/c/01KZWT7C51NVR0JGY11EQJNCD7
PUFjDMt	https://liff.line.me/1654883387-DxN9w07M/c/01KZWT6E255D2N3Z5YT804EJ21
PANmney	https://liff.line.me/1654883387-DxN9w07M/c/01KZXD60FC3EEAA87WNPPEJF11
Nyz62Pf	https://liff.line.me/1654883387-DxN9w07M/c/01KZD7YRVB4JSDGN75RT56Z5ZR
PPNWSfI	https://liff.line.me/1654883387-DxN9w07M/c/01KZV03BSW23BPABQC58P59VTM
PgcYJx1	https://liff.line.me/1654883387-DxN9w07M/c/01KZX60A6MA8BY0BCJEESDCXE0
PcgKwKl	https://liff.line.me/1654883387-DxN9w07M/c/01KZD7VNFNDB7YKZN6YFM9W86C
Po4u9wG	https://liff.line.me/1654883387-DxN9w07M/c/01KZR69KNVFDDCM6MF34BAAKVH
QRCmcpm	https://liff.line.me/1654883387-DxN9w07M/c/01KZTG07HG675BYN5BZW63PVWC
Qh9b5W2	https://liff.line.me/1654883387-DxN9w07M/c/01KZWT5Q7YPYDJV6TJXTSB8T3C
QGYO5mP	https://liff.line.me/1654883387-DxN9w07M/c/01KZR5XSMXJ07JJV07NYA0FE3E
QOqqyga	https://liff.line.me/1654883387-DxN9w07M/c/01KZX5V34PXRNW0RHQ3P013B1C
PxiTX1C	https://liff.line.me/1654883387-DxN9w07M/c/01KZX6SJ0WWWKMGH2FZHREM14S
R1lW57gl	https://liff.line.me/1654883387-DxN9w07M/c/01KZV0KB0P5FDBA1GEB2V3PFYJ
R9O7Sie	https://liff.line.me/1654883387-DxN9w07M/c/01KZR4864TR6HJN12P834TP0PR
RBcUcMq	https://liff.line.me/1654883387-DxN9w07M/c/01KZR4BYTWZMSNJXC5FP6GFADG
RnZtfWH	https://liff.line.me/1654883387-DxN9w07M/c/01KZXCHBEVQP3FW3PYM4C0KVWY
RbbLw8K	https://liff.line.me/1654883387-DxN9w07M/c/01KZR4AC21ZHAGJA56WSA6GTDR
RNzQxj4	https://liff.line.me/1654883387-DxN9w07M/c/01KZX66SQ97YDC2J81EYV1GE4M
RL2Vo3g	https://liff.line.me/1654883387-DxN9w07M/c/01KZWR2NP4R9JTD16RHED1ZPB1
RNL9cuJ	https://liff.line.me/1654883387-DxN9w07M/c/01KZX9GB0CCF6575E58T8HN8JH
Rqi5xqb	https://liff.line.me/1654883387-DxN9w07M/c/01KZXD7BPSZHMTE9NZVDX7E7Y8
RqpspYx	https://liff.line.me/1654883387-DxN9w07M/c/01KZV05BZC3NK482AMVAAWEY0X
RsEKGWT	https://liff.line.me/1654883387-DxN9w07M/c/01KZXCZZ24HFG4T2QFD1BDHQEZ
TZe5ug1	https://liff.line.me/1654883387-DxN9w07M/c/01KZX6XD5EATAG6C8AW002F8Z3
SCJn6sj	https://liff.line.me/1654883387-DxN9w07M/c/01KZWQXH1TJW5HW74G4B407G18
Tdgnhsv	https://liff.line.me/1654883387-DxN9w07M/c/01KZWT5EC174ZKRMBCV5C5C43F
S8gVowh	https://liff.line.me/1654883387-DxN9w07M/c/01KZWT72R78A1EW9XMGMBMQ9TP
SP9Wcrm	https://liff.line.me/1654883387-DxN9w07M/c/01KZV01MKGAR182XMNQJ6SDQ08
TzkXW6L	https://liff.line.me/1654883387-DxN9w07M/c/01KZX661BAN48ZPYPAQ1TXGYA3
UGEZcQF	https://liff.line.me/1654883387-DxN9w07M/c/01KZXCDNYQ0S5M3FTYQQR8R6K0
UbWwaW6	https://liff.line.me/1654883387-DxN9w07M/c/01KZD7T3B356GDXJV52H1SAPD3
V01iMfq	https://liff.line.me/1654883387-DxN9w07M/c/01KZWT97WBZV8024924W9G9EG3
VOwEfwr	https://liff.line.me/1654883387-DxN9w07M/c/01KZD7NW9GZKFZ8R6NCRVRZQ9A
VHxnz5q	https://liff.line.me/1654883387-DxN9w07M/c/01KZTZCCTE44VQRKWMFVBAKBZP
V9SIcqL	https://liff.line.me/1654883387-DxN9w07M/c/01KZR6XWHJ3YB8N7Q0CT8CP6AQ
VlCA0NBv	https://liff.line.me/1654883387-DxN9w07M/c/01KZWMTED3XNYS5M73RAZMD4N7
VujwpVZ	https://liff.line.me/1654883387-DxN9w07M/c/01KZWPDKAV8D089GA85K1F6VY5
VwWUmoh	https://liff.line.me/1654883387-DxN9w07M/c/01KZTM2T3J97VD5TEWY82VERPZ
W33Gmx7	https://liff.line.me/1654883387-DxN9w07M/c/01KZTFWNVYK3RP5B7J03PRQ007
W4pSX5l	https://liff.line.me/1654883387-DxN9w07M/c/01KZXAG8Q3K8TWKZEV61EYZXNK
Wp6QN20	https://liff.line.me/1654883387-DxN9w07M/c/01KZWNW3D8M369WQWM99G70DNE
W5bEKMC1	https://liff.line.me/1654883387-DxN9w07M/c/01KZV00XC9YKTSFB9K8QEA2KRD
WHcDyE0	https://liff.line.me/1654883387-DxN9w07M/c/01KZWKQY2236Q31C8CQS002SXD
Wsas28g	https://liff.line.me/1654883387-DxN9w07M/c/01KZXBMMCZY1PQDJ6KQQMBXNJK
XEIkL1t	https://liff.line.me/1654883387-DxN9w07M/c/01KZTZHASFVY0RT3EX3ZFFEF8Q
XsNiaE7	https://liff.line.me/1654883387-DxN9w07M/c/01KZX5DJ9C5683SX8WZA6FNBR6
XWdoQCe	https://liff.line.me/1654883387-DxN9w07M/c/01KZTZPSF03D6Y0F6VWZG7ZB9E
XsWcHe0	https://liff.line.me/1654883387-DxN9w07M/c/01KZD7GSKB00ZAF3FTY7MQGNVE
Y0CZARe	https://liff.line.me/1654883387-DxN9w07M/c/01KZWRJEBQJGHPHFXBG0PQZAE9
n6AQnN78	https://liff.line.me/1654883387-DxN9w07M/c/01KZWM09ET8JKYJ90WPFMFGHH5
Z0UpJdF	https://liff.line.me/1654883387-DxN9w07M/c/01KZTZ9SYZW44QQDVG43SXP43W
ZUCJlNm	https://liff.line.me/1654883387-DxN9w07M/c/01KZR49BY9ANT4K6PS6BAE22NS
nnSrqFM	https://liff.line.me/1654883387-DxN9w07M/c/01KZTZZZ3ZZJ9J4C7NS48ECVWH
oCcfmCI	https://liff.line.me/1654883387-DxN9w07M/c/01KZD7S7R45ECQ8MXREJ4M11YM
p3Um0dG	https://liff.line.me/1654883387-DxN9w07M/c/01KZWTB2QPGA05MA1CPJSHM55H
oDYlc3w	https://liff.line.me/1654883387-DxN9w07M/c/01KZR60NF1W1PW48647GPQ5ATK
pTmfRLq	https://liff.line.me/1654883387-DxN9w07M/c/01KZR6FCNTBD79D7674CN1QPDA
pVWPcl2	https://liff.line.me/1654883387-DxN9w07M/c/01KZXCQVXV2HDT5FNTB38TZT43
pqELDbA	https://liff.line.me/1654883387-DxN9w07M/c/01KZR5Z9WWDAWM4H74Q6FKADZB
qA8b3zA	https://liff.line.me/1654883387-DxN9w07M/c/01KZD7KYVF19HNVCBGCKTB447H
qZMc67Z	https://liff.line.me/1654883387-DxN9w07M/c/01KZR46FQ3FPZQFAF43ASA3VR3
qPZjRKJ	https://liff.line.me/1654883387-DxN9w07M/c/01KZX7NF610D19XXWCMWH7SF4T
qtJr30T	https://liff.line.me/1654883387-DxN9w07M/c/01KZXD2624XQMJ1DF0B3GPP8GF
qkKOG2K	https://liff.line.me/1654883387-DxN9w07M/c/01KZX6HJ0FBP49CEKA73P841NY
r1DRRfD	https://liff.line.me/1654883387-DxN9w07M/c/01KZX7BVH3FHK8M526QRJC8S2H
rMdJLRA	https://liff.line.me/1654883387-DxN9w07M/c/01KZD7TT562T3T07RAVT0PF6FX
r6FyWMx	https://liff.line.me/1654883387-DxN9w07M/c/01KZXDRA6F0WQ0883KCCP4NYD5
rNUFxsL	https://liff.line.me/1654883387-DxN9w07M/c/01KZD7JJZ3520PRYG2C4TC1PMD
rPXcmSW	https://liff.line.me/1654883387-DxN9w07M/c/01KZR46VB5DRHMXVE8N7WWZP2H
raidRYT	https://liff.line.me/1654883387-DxN9w07M/c/01KZTZNFXP5DM2M0H676R0AC7W
rejinQT	https://liff.line.me/1654883387-DxN9w07M/c/01KZR61NNP82TJP7QDVBCVQJW6
s5Lfj6E	https://liff.line.me/1654883387-DxN9w07M/c/01KZTFEW60S3VK9P994T1EMFN1
rwVzvzE	https://liff.line.me/1654883387-DxN9w07M/c/01KZTM3W85YJ6326CGWRVWKXJ5
rjLJ2ox	https://liff.line.me/1654883387-DxN9w07M/c/01KZTZYYAN80QNWXFEPWWD7AQS
rtVvgHz	https://liff.line.me/1654883387-DxN9w07M/c/01KZTG3KMTBZQZWSDBZ1EP1V8D
s7WA6YG	https://liff.line.me/1654883387-DxN9w07M/c/01KZXH887RSM3GB0HKFXSJA72M
sWSupJhx	https://liff.line.me/1654883387-DxN9w07M/c/01KZWQ61T6Z71WGJ112Q6KJ91D
sToTA9h	https://liff.line.me/1654883387-DxN9w07M/c/01KZTZF13S5XCY8PVSY2P2R395
sglHnh8	https://liff.line.me/1654883387-DxN9w07M/c/01KZR5ZZECNMCR78ZWMPH8Y9XF
so0SFO4	https://liff.line.me/1654883387-DxN9w07M/c/01KZXARPKY7Z515MB8GSC8N3XR
tS7tmNQ	https://liff.line.me/1654883387-DxN9w07M/c/01KZXDVMBVSPP278CKP3W1E4RH
t8piCymu	https://liff.line.me/1654883387-DxN9w07M/c/01KZXDNND8S4TX4NK3HGQF5RTD
u5AWKfL	https://liff.line.me/1654883387-DxN9w07M/c/01KZV04E7TFMWMJ7TPBXYJKN1H
tnn4lES	https://liff.line.me/1654883387-DxN9w07M/c/01KZXCJ4KJADCCS8TDXT04QFMD
u7hkd8B	https://liff.line.me/1654883387-DxN9w07M/c/01KZD7B4BN88G5WFSQVNWDFSC9
uDF1y1S	https://liff.line.me/1654883387-DxN9w07M/c/01KZTZJERFJJAMWDFF0DEKX30W
uRrAj1U	https://liff.line.me/1654883387-DxN9w07M/c/01KZTKY121B0BQYR58ZRRSEVRF
upLHWbx	https://liff.line.me/1654883387-DxN9w07M/c/01KZV066DAFAZ9N5C5PE282TVA
vrb4aMXE	https://liff.line.me/1654883387-DxN9w07M/c/01KZD7Y1ZRF4T97PTBG0SYSFMW
vZLwzNE	https://liff.line.me/1654883387-DxN9w07M/c/01KZWTA2QNYEZ678VYGYFR49DQ
vLONMIL	https://liff.line.me/1654883387-DxN9w07M/c/01KZWMF2KVZAF41QWG1PA80PHN
uszceB3	https://liff.line.me/1654883387-DxN9w07M/c/01KZXD8V4J0P8G6FK26GTWECVX
wDAZFkC	https://liff.line.me/1654883387-DxN9w07M/c/01KZWT570JTCFR1TRDKT8CZ9AB
wGzNk3Z	https://liff.line.me/1654883387-DxN9w07M/c/01KZWQJN5P9Z90HXK1WY947J5K
w8ZjMI8	https://liff.line.me/1654883387-DxN9w07M/c/01KZR4AYRD38V555560ZV2AE33
y6L1GtI	https://liff.line.me/1654883387-DxN9w07M/c/01KZXAW4MMJF174ZCD3Y48EP1X
wMx1ZAb	https://liff.line.me/1654883387-DxN9w07M/c/01KZR5WY59Z5GV53WZJTPHH47G
xeVTdqK	https://liff.line.me/1654883387-DxN9w07M/c/01KZD7CN8X5HAVWPKHDKQX9BMK
xzcqCR3	https://liff.line.me/1654883387-DxN9w07M/c/01KZXC0D3EZQMQEHQ8M4NM3NN8
xbV89AE	https://liff.line.me/1654883387-DxN9w07M/c/01KZTFNYW006T0YGJSXMWAC769
yvOEgMw	https://liff.line.me/1654883387-DxN9w07M/c/01KZXAJTYJ0WPFSF4VBS553CFG
z9LZYIS	https://liff.line.me/1654883387-DxN9w07M/c/01KZX614MF2SHN86JDAGS129ZC
yj3wkoI	https://liff.line.me/1654883387-DxN9w07M/c/01KZWT603KVY61HN9777213GY3
zCrHycU	https://liff.line.me/1654883387-DxN9w07M/c/01KZXD4M6FF2ZV7YFQP5X1HCJH
yaUTe6D	https://liff.line.me/1654883387-DxN9w07M/c/01KZTZWCHWZGGVGZJKW4BWEYJ2
ztphOWr	https://liff.line.me/1654883387-DxN9w07M/c/01KZD7ZK41CJKC4KGVWCK0ZPBE
zOHJkPp	https://liff.line.me/1654883387-DxN9w07M/c/01KZWT9H05AZAHCQ9RDKWJS7HF
zNmtPap	https://liff.line.me/1654883387-DxN9w07M/c/01KZTZSHDXAXAKHHMMCXBCZXP2
zw1uzGJ	https://liff.line.me/1654883387-DxN9w07M/c/01KZTZKBD72PB7F5Z5HF2SXW4K
oz1Fao6	https://liff.line.me/1654883387-DxN9w07M/c/01KZG9HBRFDHX93M91SRMFDWPQ
riEEXuv	https://liff.line.me/1654883387-DxN9w07M/c/01KZGBC9PFFR9A78WJS6Y6E9K5
Vzha7sC	https://liff.line.me/1654883387-DxN9w07M/c/01KZGAS98DQBK98D6TG5VN60SR
9unR6sc	https://liff.line.me/1654883387-DxN9w07M/c/01KZG9EPVSZP3XX9MSJARH5MEZ
qWNUGZx	https://liff.line.me/1654883387-DxN9w07M/c/01KZGB9DWWNX0AMTHE1D7C3D3S
OhmWDSO	https://liff.line.me/1654883387-DxN9w07M/c/01KZGB6CK6DAHBJWCXQ1V1D64W
sxBt08H	https://liff.line.me/1654883387-DxN9w07M/c/01KZG96HEYCPGGEYZJWNHHHNN6
vzBKNLc	https://liff.line.me/1654883387-DxN9w07M/c/01KZG9G76JVJKPQT2XY2S9PR1D
VpIEzdJ	https://liff.line.me/1654883387-DxN9w07M/c/01KZGBDZCYXTED3A2TESYDFDC7
nfRG1KW	https://liff.line.me/1654883387-DxN9w07M/c/01KZGBHZZNVSRYC2D1T4SKM763
xFnD21m	https://liff.line.me/1654883387-DxN9w07M/c/01KZGBMTF1XV8DTY5K8DHCDDD6
NG5w39U	https://liff.line.me/1654883387-DxN9w07M/c/01KZGBP1K9SG5XKWA2ZMZAG7E2
vq0e5Zo	https://liff.line.me/1654883387-DxN9w07M/c/01KZGBX0T5GJ7CE3EWWXSD6YAT
6hLyr9A	https://liff.line.me/1654883387-DxN9w07M/c/01KZGBFF5A1JFT8QEMM5ZFCSQW
tSdq8R5	https://liff.line.me/1654883387-DxN9w07M/c/01KZGBZYGD0FMQDVR0KJ589W56
On0lkJD	https://liff.line.me/1654883387-DxN9w07M/c/01KZGBYGXKP495SB5WZGZQDDRX
wB1FNLS	https://liff.line.me/1654883387-DxN9w07M/c/01KZT8TNX9N7MD5SBRJPCBWHPA
oQKUTVz	https://liff.line.me/1654883387-DxN9w07M/c/01KZE1J55EP870R6NNHJ6DBKGP
7FECasM	https://liff.line.me/1654883387-DxN9w07M/c/01KZE1ZCPQJQKW087GJ63RPZE0
zKLLYTT	https://liff.line.me/1654883387-DxN9w07M/c/01KZE2J7ZVPY5SFWAF9K3BA7F6
8x85xwE	https://liff.line.me/1654883387-DxN9w07M/c/01KZT8Q3RFS7Z6Z4MX5RC2N6D1
8ALyvKo	https://liff.line.me/1654883387-DxN9w07M/c/01KZT8SQ4KETCH6S1JBEM0V8Z6
s5Ctqmi	https://liff.line.me/1654883387-DxN9w07M/c/01KZT8NMQGGS2G232FXBKE1JGV
nX7ojSI	https://liff.line.me/1654883387-DxN9w07M/c/01KZT8RZPYV1YS1SGBSEE4ECV1
tdShv1F	https://liff.line.me/1654883387-DxN9w07M/c/01KZE1G4MECDB8CY3HD53GH8TN
xAGSIr1	https://liff.line.me/1654883387-DxN9w07M/c/01KZE1E8F8RAQZQ0YNWTABGHDG
nXYjtqX	https://liff.line.me/1654883387-DxN9w07M/c/01KZE0X2QEQJDPY8136A7EFM7P
tUbLaFn	https://liff.line.me/1654883387-DxN9w07M/c/01KZE118V7E1XV8XPXKVZNM5GB
VrGuFfa	https://liff.line.me/1654883387-DxN9w07M/c/01KZE1CS09V7GN026GXB7ZRFC2
wkC3Az6	https://liff.line.me/1654883387-DxN9w07M/c/01KZE0Z15Y4E8YQNM531GAGWA1
n0WB43p	https://liff.line.me/1654883387-DxN9w07M/c/01KZE14RTEGH8EWW2NZJ6A7ND1
SjQjuOH	https://liff.line.me/1654883387-DxN9w07M/c/01KZE18DVF9DMTPT468MK8TS6N
Y64sphX	https://liff.line.me/1654883387-DxN9w07M/c/01KZE0TBKNTV1DBXD5RX74VY04
xAUNiWe	https://liff.line.me/1654883387-DxN9w07M/c/01KZR9TND9SAGDYH70GF81B21Z
6DwWD7z	https://liff.line.me/1654883387-DxN9w07M/c/01KZ938RCDG3WGE5YBYM6MNET8
n2Ocp8m	https://liff.line.me/1654883387-DxN9w07M/c/01KZE0HV0YQYBBVW54W4YR0MAF
7RVzXZ3	https://liff.line.me/1654883387-DxN9w07M/c/01KZV86TPNFAPB0JBSR22P4CJP
pXKWsznA	https://liff.line.me/1654883387-DxN9w07M/c/01KZE0C15N46C6BBPVQJ7DMNDB
YEEIBOw	https://liff.line.me/1654883387-DxN9w07M/c/01KZE0FYWJNV88MV04PNRNW12P
wXsyS1T	https://liff.line.me/1654883387-DxN9w07M/c/01KZE0P3ZGF6SPS49GBYZZ9XB3
w0NLJ1l	https://liff.line.me/1654883387-DxN9w07M/c/01KZR9W2N358012RBR7R1S24A8
Phztmpk	https://liff.line.me/1654883387-DxN9w07M/c/01KZRA79YX592FH7YNHN7ZQKBS
OEcmBoB	https://liff.line.me/1654883387-DxN9w07M/c/01KZRA55TQRC4ZTX42H6AP6G06
xYj3zrI	https://liff.line.me/1654883387-DxN9w07M/c/01KZRA971F6JREG26Z9JV4209D
Zvxjytw	https://liff.line.me/1654883387-DxN9w07M/c/01KZR9Z3R0FBD5BSGY3Y3YW8KT
r3bSyfC	https://liff.line.me/1654883387-DxN9w07M/c/01KZRABTFRXY617X9CE45N6H94
sN6efT2	https://liff.line.me/1654883387-DxN9w07M/c/01KZRAA9D47ZY7S4EW8JXZM2G1
71tjCoE	https://liff.line.me/1654883387-DxN9w07M/c/01KZRA0HDSRV3H0BKKD6RZB2VV
rIzXwIc	https://liff.line.me/1654883387-DxN9w07M/c/01KZRA24F4WFVQJHE5TEP23Y3G
oDYlc3w	https://liff.line.me/1654883387-DxN9w07M/c/01KZR60NF1W1PW48647GPQ5ATK
S7c7CoL	https://liff.line.me/1654883387-DxN9w07M/c/01KZR9XPFEGAHVGQKZP69J79MG
r3aR8DK0	https://liff.line.me/1654883387-DxN9w07M/c/01KZRA3Q8FPBM2SHM613S0DDT3
oaC4jKg	https://liff.line.me/1654883387-DxN9w07M/c/01KZRAESAA09173V26AYPFWA4K
QjwPrE5	https://liff.line.me/1654883387-DxN9w07M/c/01KZB3JTKZ5M50T280PZ0P06QG
PbUEGsO	https://liff.line.me/1654883387-DxN9w07M/c/01KZRADB4CB37GRVHG8R5FPD08
xWbJid1	https://liff.line.me/1654883387-DxN9w07M/c/01KZB3FJCV9Z3KD24VER2T9RXV
w54n1NB	https://liff.line.me/1654883387-DxN9w07M/c/01KZB3FVM2JWMVKKFQDXEZ2B0J
v4trhZL	https://liff.line.me/1654883387-DxN9w07M/c/01KZB3AVQTQV5M2X0K4T21ZVB5
NbZpXKa	https://liff.line.me/1654883387-DxN9w07M/c/01KZB3A9D6VWP2HGGDG6TK74D6
VB5YbWw	https://liff.line.me/1654883387-DxN9w07M/c/01KZB3701SQCBDT1EN5R6XGDC0
XcD87VN	https://liff.line.me/1654883387-DxN9w07M/c/01KZB337NJDWNTZH3AZ9V5KAMV
prw6cMO	https://liff.line.me/1654883387-DxN9w07M/c/01KZB36NBQJ4TMJZTPNDNV3ZP5
ZGNxXKa	https://liff.line.me/1654883387-DxN9w07M/c/01KZB332ZWZ61B079J4GDTZHSM
70WNYlU	https://liff.line.me/1654883387-DxN9w07M/c/01KZB2ZG9D6F4GYC5KYH0P9WQM
5iwoxJo	https://liff.line.me/1654883387-DxN9w07M/c/01KZB3057GXZEQSEW389S9SSRH
noIA9Ad	https://liff.line.me/1654883387-DxN9w07M/c/01KZB2X2H58SA8F9V392HYMBJR
7L8IFRG	https://liff.line.me/1654883387-DxN9w07M/c/01KZJS3FM47K21R0MPWMN5VV71
WiS52wJ	https://liff.line.me/1654883387-DxN9w07M/c/01KZJS6DY1SWY6AV2185Y4XYTD
r45TwUL	https://liff.line.me/1654883387-DxN9w07M/c/01KZJS6MJZPZHA0X73J5DW4FAM
tN3fvzT	https://liff.line.me/1654883387-DxN9w07M/c/01KZJRTGKY31VTDDSDVHD77JXP
SpOYVuc	https://liff.line.me/1654883387-DxN9w07M/c/01KZJS8WBAG9D8TH51SJXDK0RT
skJNdM5	https://liff.line.me/1654883387-DxN9w07M/c/01KZJS595GSKHYC4K2MEPAZCFF
uxu7u0bk	https://liff.line.me/1654883387-DxN9w07M/c/01KZJS3PZDDSGQYWMPJERW3XZC
nhXQhZi	https://liff.line.me/1654883387-DxN9w07M/c/01KZJS349C7M3DWD1AE5SCS56X
7WdZJbO	https://liff.line.me/1654883387-DxN9w07M/c/01KZJSAN4RC8N50D9HZDKRS5ET
NtFuHWh	https://liff.line.me/1654883387-DxN9w07M/c/01KZJS32RQ7BD8ERAK5MA00GSK
VFZxpOa	https://liff.line.me/1654883387-DxN9w07M/c/01KZJRXHYABABFFB5FEX0D0AMW
6qo4ePOX	https://liff.line.me/1654883387-DxN9w07M/c/01KZQMHQ1FZGWYHDQCG2YCS0NR
T2bEIzk	https://liff.line.me/1654883387-DxN9w07M/c/01KZJRZS6G0RM5VK54KAYF31RS
UE40YO6	https://liff.line.me/1654883387-DxN9w07M/c/01KZJS47B8PAXXSNJ6C0404JWH
6ShLQv7	https://liff.line.me/1654883387-DxN9w07M/c/01KZJRCZQ5AN3VRTDKFSMRPTFA
SxgkKlX	https://liff.line.me/1654883387-DxN9w07M/c/01KZJRVGQAMCNV1JC765EVXAP4
53hCDci	https://liff.line.me/1654883387-DxN9w07M/c/01KZQSY0K1GMDV8GWDX8TP6Z9Q
NdOCSNE	https://liff.line.me/1654883387-DxN9w07M/c/01KZQN8GGE57F4YTC532SGJYMM
OXF6izD	https://liff.line.me/1654883387-DxN9w07M/c/01KZDZ2R83RMEFFZM535HNZTEK
ZpCmLX2	https://liff.line.me/1654883387-DxN9w07M/c/01KZQSEG1MYES6NHDY300GA6MW
XcOQinx	https://liff.line.me/1654883387-DxN9w07M/c/01KZDYW3YQ5F5XFJXYR6HH6TV5
un9K0io	https://liff.line.me/1654883387-DxN9w07M/c/01KZQSK68R8H9NQ8ZTVZ44ZMY6
ZWMGbbE	https://liff.line.me/1654883387-DxN9w07M/c/01KZE08DATB9Z4JY0ZGJ62CFX4
7b9hMFZ	https://liff.line.me/1654883387-DxN9w07M/c/01KZDZBK3ADNNRT4NVV8XT3S25
8XXL4TY	https://liff.line.me/1654883387-DxN9w07M/c/01KZDYXW1WFRR742FYZM0ZJTBJ
yMszF5k	https://liff.line.me/1654883387-DxN9w07M/c/01KZQSQN78SYA1GFB4GMPZRT6V
qQ7Z47w	https://liff.line.me/1654883387-DxN9w07M/c/01KZE01412JA9VKS8B84C36FM6
Sy6vfQy	https://liff.line.me/1654883387-DxN9w07M/c/01KZDZTZ8K9X37ZW38W74NAV7H
UQXDbKj	https://liff.line.me/1654883387-DxN9w07M/c/01KZDYN28NVGR4CDT1CR2869VJ
5aWlotc	https://liff.line.me/1654883387-DxN9w07M/c/01KZE0JVEVWVFA1KJ9B34E17F6
6nDDJsk	https://liff.line.me/1654883387-DxN9w07M/c/01KZE06FT0423741BYH5X8GMH2
vuD7XyC	https://liff.line.me/1654883387-DxN9w07M/c/01KZDZN0QWWHK81B2ZQFH7F0SN
TblygvE2	https://liff.line.me/1654883387-DxN9w07M/c/01KZE0D2X6SG7VP7MG65AT1ZRV
r5My0c3	https://liff.line.me/1654883387-DxN9w07M/c/01M0YK9AGP252BVF5KE6RGBYAQ
sOWP5E27	https://liff.line.me/1654883387-DxN9w07M/c/01M0YK7QRKRQ3QAM4SEKZ7V6H0
oL6Aqh7	https://liff.line.me/1654883387-DxN9w07M/c/01M0YJSJPK7TY8GAV3Y4GH2CR4
UMZIIXH	https://liff.line.me/1654883387-DxN9w07M/c/01M0YKARXJ88QKFS1DBSDE6597
NZhMQ4x	https://liff.line.me/1654883387-DxN9w07M/c/01M0YKDJGQ8SC04WXVHGB0Z9VT
T003MNz	https://liff.line.me/1654883387-DxN9w07M/c/01M0YK19VP27BWP7A2P8G82ZMG
xAK6Al9	https://liff.line.me/1654883387-DxN9w07M/c/01M0YK3CFT0K2D08C9NVKJRW14
PBP4vgc	https://liff.line.me/1654883387-DxN9w07M/c/01M0YK53ZK4QR891M23K9ZQ3Z6
nIkFU1w	https://liff.line.me/1654883387-DxN9w07M/c/01KZAJPKV4N5PHFRFXC80XTNWT
OiTBBXc	https://liff.line.me/1654883387-DxN9w07M/c/01KZR3RGEVH0CWYGTHTMCPMY9T
qv0dMgk	https://liff.line.me/1654883387-DxN9w07M/c/01KZR3ZFAQKW46KDWJAB93SQK8
OR6pnDb	https://liff.line.me/1654883387-DxN9w07M/c/01KZR58P0K2FNXDPWX582XV84K
NgZEMrjy	https://liff.line.me/1654883387-DxN9w07M/c/01KZR40KCCXZ88GVTBNWS3XJMR
wkY7YFw	https://liff.line.me/1654883387-DxN9w07M/c/01KZR3T7RD4CMF0SR7AJ6F1P9V
VFcMKBr	https://liff.line.me/1654883387-DxN9w07M/c/01KZR3FB8WRRC93VT34RR0X93B
55Bumss	https://liff.line.me/1654883387-DxN9w07M/c/01KZR54Q0MM92D1JEERA4BG63P
R6vmETY	https://liff.line.me/1654883387-DxN9w07M/c/01KZR4368WY032GGJYCFX3BGKG
vs2Ggyc	https://liff.line.me/1654883387-DxN9w07M/c/01KZR3PG460PTW14BZDEWZ41J3
yXgMYMv	https://liff.line.me/1654883387-DxN9w07M/c/01KZR3VVDDVP2R0P5383ZYWF5B
PdK4NKp	https://liff.line.me/1654883387-DxN9w07M/c/01KZJPA0JPH2BKJK4YE8AW86NS
O8iaIlz	https://liff.line.me/1654883387-DxN9w07M/c/01KZJNTWFS0GJ8KRZTYBDDMETA
yRbmWnr	https://liff.line.me/1654883387-DxN9w07M/c/01KZTFHYX87YGN2484NWY633XS
TuRQK7K	https://liff.line.me/1654883387-DxN9w07M/c/01KZTFNJ9XX8R5KEEXREX1E9RX
6iHefzX	https://liff.line.me/1654883387-DxN9w07M/c/01KZJP2KMV86ZEG0PGMD2S49WF
ZmnBoIm	https://liff.line.me/1654883387-DxN9w07M/c/01KZTFT48RFHTBZJ5J4W114WJA
ZrdQxJaA	https://liff.line.me/1654883387-DxN9w07M/c/01KZJNMR190PWRB982RK19NRN4
zvsM0E7	https://liff.line.me/1654883387-DxN9w07M/c/01KZTFQFS2F2D4SHKB0EXHM3FM
YtiVet7	https://liff.line.me/1654883387-DxN9w07M/c/01KZTFFBW3DS6XJC5RRS0ZBJSF
vfXUDrF	https://liff.line.me/1654883387-DxN9w07M/c/01KZTFKNKWYQ48DEKAGYCX43AZ
qwkx1Oy	https://liff.line.me/1654883387-DxN9w07M/c/01KZTFVN8ECXFRB5TH2HYH00M4
ZLfO7BP	https://liff.line.me/1654883387-DxN9w07M/c/01KZTG1SX6DVA77HSDDMAY34F8
tQCv6tQ	https://liff.line.me/1654883387-DxN9w07M/c/01KZTFZJYZG6QFS10ZD66STSDY
zMSODtF	https://liff.line.me/1654883387-DxN9w07M/c/01KZTFWMTDKSZ3EWYWNC20NCC2
VXnjAnH	https://liff.line.me/1654883387-DxN9w07M/c/01KZTG35JE1PQ84RZR070R2QME
YbE13Nt	https://liff.line.me/1654883387-DxN9w07M/c/01KZTFYMB4RHNB734WWPJG0SXE
y7xF2mI	https://liff.line.me/1654883387-DxN9w07M/c/01KZTG601A3R1HG3A0V1WNR00A
NnP3JuP	https://liff.line.me/1654883387-DxN9w07M/c/01KZTG4JFMH1R6DDDQKAN1G73Q
WDVTKOo	https://liff.line.me/1654883387-DxN9w07M/c/01KZTGTPC65C7TT1XKKFJ775AC
S1EeTFp	https://liff.line.me/1654883387-DxN9w07M/c/01KZTG7ACWEXBRZ2A7E8P5T3KD
ymtmlAC	https://liff.line.me/1654883387-DxN9w07M/c/01KZTHT7GFETEX7D5P90M3XKKA
yUSBVno	https://liff.line.me/1654883387-DxN9w07M/c/01KZTJRDTXA4J9DT5GCH10WJY2
TZPdkBq	https://liff.line.me/1654883387-DxN9w07M/c/01KZTHYKZS5M24GJKN6W13CJ7X
8j93n9D	https://liff.line.me/1654883387-DxN9w07M/c/01KZTJNQ01VSDFZCM8CEDJ8JBS
wpeRznAq	https://liff.line.me/1654883387-DxN9w07M/c/01KZTK988EAQ3PEBR0MK5JBM4V
ZclxNvU	https://liff.line.me/1654883387-DxN9w07M/c/01KZTJ5KCRBCW6DQSXJFJH1FZQ
wHa8AUq	https://liff.line.me/1654883387-DxN9w07M/c/01KZTJ3C8N0HM3EKH4PHT1NGYS
OvGShqQ	https://liff.line.me/1654883387-DxN9w07M/c/01KZTKMFW0PJ2KJ4SFMB314NAW
zT8VfM3	https://liff.line.me/1654883387-DxN9w07M/c/01KZTZHNRZ3ZRJ69F9QDE4PH2N
rwi2da03	https://liff.line.me/1654883387-DxN9w07M/c/01KZTK1SG6X509812FS94G5G79
ZJbMDrF	https://liff.line.me/1654883387-DxN9w07M/c/01KZTK52CD3V2E0ASZYQ6JHBP6
VGnTWs8f	https://liff.line.me/1654883387-DxN9w07M/c/01KZTKBXD5SR7ZKNBKBMT3X0KM
R55TxjQ	https://liff.line.me/1654883387-DxN9w07M/c/01KZMW4PQAXJAR1TQ6N30P0DTE
zirMyey	https://liff.line.me/1654883387-DxN9w07M/c/01KZMZ062Q8F3Q69WZ27HZMQCY
uQGHAoj	https://liff.line.me/1654883387-DxN9w07M/c/01KZMYRG1PHRE9SH911DR47QZW
ZLB2d8tY	https://liff.line.me/1654883387-DxN9w07M/c/01KZMZ58S4QNTEBE5AQ34ZTEEV
VlgxPCT	https://liff.line.me/1654883387-DxN9w07M/c/01KZN1947XM6TT126R0Z4WNPK9
nNjMc02	https://liff.line.me/1654883387-DxN9w07M/c/01KZN00BQSKV1CX415SQ55N1HG
ZlblGCS	https://liff.line.me/1654883387-DxN9w07M/c/01KZN14H3TMX61GCFSSECENMAW
ZbkAzE3	https://liff.line.me/1654883387-DxN9w07M/c/01KZN1BJMY5TFWYV1V9K0GDF3J
WAEEgio	https://liff.line.me/1654883387-DxN9w07M/c/01KZN1TDZ9DCW33JRXMP3R8777
YFSK53W	https://liff.line.me/1654883387-DxN9w07M/c/01KZNJQAXZ921G42ZVW5HACPZ8
Qw3WcS9	https://liff.line.me/1654883387-DxN9w07M/c/01KZNE7XMYGAM3SNRY5SYZH4Y3
6yidNpl	https://liff.line.me/1654883387-DxN9w07M/c/01KZNFABP3132YRSHPRMV9E9F5
zred5Pa	https://liff.line.me/1654883387-DxN9w07M/c/01KZNEW3AZ1F6K7T3CK5SA0M9N
8Kqzgc7	https://liff.line.me/1654883387-DxN9w07M/c/01KZNF6GBA6JG1G418135X85YY
sKITrgp	https://liff.line.me/1654883387-DxN9w07M/c/01KZNFFHZ4W1T9FXXDK04EH292
t50Aroq	https://liff.line.me/1654883387-DxN9w07M/c/01KZNFVBMW1DNEQVK73QKJQD5E
t9cngU8	https://liff.line.me/1654883387-DxN9w07M/c/01KZNFN3SKEZXJ6HQENZHVHDJD
P1IuEqA	https://liff.line.me/1654883387-DxN9w07M/c/01KZNFDQJEGDA0888E7TVZ2HJT
udoKLGA	https://liff.line.me/1654883387-DxN9w07M/c/01KZNG19TDHJP0RA85VS1HCXR0
qnXUWaM	https://liff.line.me/1654883387-DxN9w07M/c/01KZNG4DAKV0BVFAC1MAC7PRRJ
6fD78YvM	https://liff.line.me/1654883387-DxN9w07M/c/01KZNGAY92R0TVEX4AWG0PEFVR
vXTq5mz	https://liff.line.me/1654883387-DxN9w07M/c/01KZNGEF953E6Y7SAKE6X0S6MM
8ncHLUc	https://liff.line.me/1654883387-DxN9w07M/c/01KZNGKHNH24XWCNBGVQBFX19R
8VuRMoI	https://liff.line.me/1654883387-DxN9w07M/c/01KZNGPTTRZ0K0GVX2VWNGJDJK
RfBB4A5	https://liff.line.me/1654883387-DxN9w07M/c/01KZNGSD35VQBKA1XE9V3S0JE0
sDBTkyF	https://liff.line.me/1654883387-DxN9w07M/c/01KZNGWTN67S7C2AK4AJRKT0RH
SriDUj2J	https://liff.line.me/1654883387-DxN9w07M/c/01KZTSTW3ME4VEMBBQY02V742B
w4y3SdE	https://liff.line.me/1654883387-DxN9w07M/c/01KZTRMPTSNFT4GY5V5HJ0C4Z3
8eYEV4N	https://liff.line.me/1654883387-DxN9w07M/c/01KZTSW6TDPV37QY8695ESYYZR
7JTEIl5	https://liff.line.me/1654883387-DxN9w07M/c/01KZTSPEG38EVJ7BA13Z6BYKGX
7VYhs0N	https://liff.line.me/1654883387-DxN9w07M/c/01KZTST1GZR4J60BEMBDBD4QWV
XD3mcUF	https://liff.line.me/1654883387-DxN9w07M/c/01KZTRRTDHSJ9S0ZZ3QAF2GS7A
75spb8S	https://liff.line.me/1654883387-DxN9w07M/c/01KZTD8PNH4BAGR1E146V3G8HZ
OqMjhIC	https://liff.line.me/1654883387-DxN9w07M/c/01KZTSWXH97G8GYYY48JD9ZVAT
uq2XXR0	https://liff.line.me/1654883387-DxN9w07M/c/01KZTSVHWS8VZ08GJY5YBWXHGB
WMJ8Xbn	https://liff.line.me/1654883387-DxN9w07M/c/01KZQPW3C6PDG024FGRGD4QF33
V7GfArn	https://liff.line.me/1654883387-DxN9w07M/c/01KZQPKGFK6ZM1NJA9EDZNPKC3
oHI0F8Sp	https://liff.line.me/1654883387-DxN9w07M/c/01KZQPB6E6VTMRD76S9DH4TXM3
REHysxlR	https://liff.line.me/1654883387-DxN9w07M/c/01KZQPNX9GQJM41317WTYYZ29R
OADNMIt	https://liff.line.me/1654883387-DxN9w07M/c/01KZQN7W2C7K7YW86F6AZSW1JX
6PPtMOz	https://liff.line.me/1654883387-DxN9w07M/c/01KZQN9WGAW8AT3VN4ECSZ5Q1R
9REMjbn	https://liff.line.me/1654883387-DxN9w07M/c/01KZQQ57RCSDR8KBA1XFA5CSX1
8wrW5VM	https://liff.line.me/1654883387-DxN9w07M/c/01KZQPZ9WGGMEY5BV5XH389N0F
6e9eDsU	https://liff.line.me/1654883387-DxN9w07M/c/01KZQNAT0WQJF94GEVD5MP8WE0
uGIkvky	https://liff.line.me/1654883387-DxN9w07M/c/01KZQQ8HVH6N56D7RSN3712DXH
wCtgN3i	https://liff.line.me/1654883387-DxN9w07M/c/01KZQPH9RHH2YS792EFJW3DA31
xNCvOS0	https://liff.line.me/1654883387-DxN9w07M/c/01KZQQ20QQNNKVZ4Y2A8ZK1SH5
9ycCvqx	https://liff.line.me/1654883387-DxN9w07M/c/01KZQNBFTZHT2J26QB0NFS70NC
ZJ0rDgY	https://liff.line.me/1654883387-DxN9w07M/c/01KZQNC6X063CPP5C020CY30AF
9b7AxWe	https://liff.line.me/1654883387-DxN9w07M/c/01KZQP2XQP7S735Y9NM14M5CER
R9cTi74	https://liff.line.me/1654883387-DxN9w07M/c/01KZQW9F760YSYS2WEDFMH4XMK
RX4k4ij	https://liff.line.me/1654883387-DxN9w07M/c/01KZQWB43HNCCAX36SCKJ55ZXN
zTGAh6A	https://liff.line.me/1654883387-DxN9w07M/c/01KZQP76461BK3M86CY5VN1XQ7
u8nWW4b	https://liff.line.me/1654883387-DxN9w07M/c/01KZQW3HTJZK0RWH0C2SZ13GDW
W05JtCVf	https://liff.line.me/1654883387-DxN9w07M/c/01KZQW7M0BCVDH34NX8J9R83K6
8CFT1EB	https://liff.line.me/1654883387-DxN9w07M/c/01KZQWC6Y2BJW87CW6PSBMF0QD
7yCEQXm	https://liff.line.me/1654883387-DxN9w07M/c/01KZQWDMRES358RFWHG30W2MMK
txLV3IV	https://liff.line.me/1654883387-DxN9w07M/c/01KZQW5G13C6139YDW1B0MRATW
sMx6eg0	https://liff.line.me/1654883387-DxN9w07M/c/01KZQZJFFNJYWQMJ4MD37JY44K
5A0BZOI	https://liff.line.me/1654883387-DxN9w07M/c/01KZQZSJ4QV5NKFP80Z7VBD407
8GVHePh	https://liff.line.me/1654883387-DxN9w07M/c/01KZR03ZNK0EEDHC49AVGAMTQ4
7asszcj	https://liff.line.me/1654883387-DxN9w07M/c/01KZB6SFVHBWENGNR21EH7KXYD
u6rtAcu	https://liff.line.me/1654883387-DxN9w07M/c/01KZB7AQDE7AFXSWCSTMRVWP54
vdfJoDC	https://liff.line.me/1654883387-DxN9w07M/c/01KZR0F69BEKFDGQX205W945PP
VXhbIyQ	https://liff.line.me/1654883387-DxN9w07M/c/01KZQZYFMSD49B0Y7K053XK9GH
qddrCeA	https://liff.line.me/1654883387-DxN9w07M/c/01KZB6YTE997ZYZ841T1CDJ4HH
yeJffEv	https://liff.line.me/1654883387-DxN9w07M/c/01KZB726V9ZPZBZBD43WRQDKTY
t8jv8hW	https://liff.line.me/1654883387-DxN9w07M/c/01KZR0JEBAHF51TNNTCB2AWNKG
Z0RW4x7	https://liff.line.me/1654883387-DxN9w07M/c/01KZB7EABKVCTHBKS5YM7Q07EX
8o41txv	https://liff.line.me/1654883387-DxN9w07M/c/01KZB7GQQX75J84DG9V4DK40T0
5RJ855L	https://liff.line.me/1654883387-DxN9w07M/c/01KZB7JZK31E4A8AZW2AH61WP0
RGFc40O	https://liff.line.me/1654883387-DxN9w07M/c/01KZB82SMN0JJKXBZ1QWFFTNA2
oUOPYWE	https://liff.line.me/1654883387-DxN9w07M/c/01KZB7YD3HPS6A3NC6GYMB16R1
sMQHkx4	https://liff.line.me/1654883387-DxN9w07M/c/01KZRAZ8MYDEA63DGBHY3TMXKN
Q7MACXk	https://liff.line.me/1654883387-DxN9w07M/c/01KZB8BWTDE2FED33CYQYY3MQ9
OVqGUEW	https://liff.line.me/1654883387-DxN9w07M/c/01KZB7VBP0Q1XC2SGK1WR9FSY4
6To92Rat	https://liff.line.me/1654883387-DxN9w07M/c/01KZB867EDQQTKN95D8BSDBXCA
UjyFvui	https://liff.line.me/1654883387-DxN9w07M/c/01KZWVEJ2XXQRKJ5TYJQV9YDNN
WMOFfUu	https://liff.line.me/1654883387-DxN9w07M/c/01KZWV9VB8A56068BDTR6PTGVH
98rOHCL	https://liff.line.me/1654883387-DxN9w07M/c/01KZWV40FRQWVCFVDAYJAGTYXV
8sZtHYl	https://liff.line.me/1654883387-DxN9w07M/c/01KZWTXAVKME1156F9ZNTQCBGY
QF0Fec8	https://liff.line.me/1654883387-DxN9w07M/c/01KZWRC7MC0BX9BTY9X0VSCPSE
vNJjOeU	https://liff.line.me/1654883387-DxN9w07M/c/01KZWSV07DYX74A4RDAQEYJD8C
poVCyFv	https://liff.line.me/1654883387-DxN9w07M/c/01KZWQQBXH5P7Q64DMH7B7SYMP
9tfSzLs	https://liff.line.me/1654883387-DxN9w07M/c/01KZWTDKHQ4VWT9QT29DKJ433B
8zB7b2l	https://liff.line.me/1654883387-DxN9w07M/c/01KZWRW9CR4FXPW1A4XB6JXYWJ
oNmL0b9	https://liff.line.me/1654883387-DxN9w07M/c/01KZWR619YRQCR023B0GMGRX5H
Nm2A6lr	https://liff.line.me/1654883387-DxN9w07M/c/01KZWT75CDQXASKQ3CNNC6DPHP
83fjGza	https://liff.line.me/1654883387-DxN9w07M/c/01KZWQ7PWWEMMFA55422YDYK9Q
uuDoS6B	https://liff.line.me/1654883387-DxN9w07M/c/01KZWNQ8HY371J4FP080NAG91W
riMegQU	https://liff.line.me/1654883387-DxN9w07M/c/01KZWS59B8W5BHC75N752JJR4Z
VcCNBme	https://liff.line.me/1654883387-DxN9w07M/c/01KZZ7SJ50EXTSA8Y38MDCB0F7
v2QGGos	https://liff.line.me/1654883387-DxN9w07M/c/01KZNQW4TEB2FQCKNKKP7V75BK
qmHY11e	https://liff.line.me/1654883387-DxN9w07M/c/01KZWRM3R2GFHXH3WG9TMGYW30
X34nDmV	https://liff.line.me/1654883387-DxN9w07M/c/01KZR22JQZK6W9V7NR8VN7DDCQ
9Fmk8hz	https://liff.line.me/1654883387-DxN9w07M/c/01KZR274YW0TH21FCTENNGTE0X
U8LzRpH3	https://liff.line.me/1654883387-DxN9w07M/c/01KZWQZPFVXD2QKW7AKGN5A90S
sRld0ru	https://liff.line.me/1654883387-DxN9w07M/c/01KZZ7TSY9NY06BQVF0AARSJG1
qIAEluxn	https://liff.line.me/1654883387-DxN9w07M/c/01KZR5WR3N2YZA8PV5W0H3ZCDA
XdP3R9V	https://liff.line.me/1654883387-DxN9w07M/c/01KZR5Q500GKWEDQBQXZJWA3C6
ZeXNK9H	https://liff.line.me/1654883387-DxN9w07M/c/01KZR4S32SJNWT9DHB91XTGBCJ
VoHD4kS	https://liff.line.me/1654883387-DxN9w07M/c/01KZTE1JP6SCAYDYVV4GJ30KV3
pffet7A	https://liff.line.me/1654883387-DxN9w07M/c/01KZR5CR6HC18WQSX90W97FXSB
VpFRFkDs	https://liff.line.me/1654883387-DxN9w07M/c/01KZTEFJ8W67CA4QS70RDBVGP4
xJBbnbF	https://liff.line.me/1654883387-DxN9w07M/c/01KZR4NPTGHFZVC819ANFWY89D
8MGak1V	https://liff.line.me/1654883387-DxN9w07M/c/01KZR3QBNY3PGK0J8BV57A93EW
9gcgJ8m	https://liff.line.me/1654883387-DxN9w07M/c/01KZR306MTC11N9YWZWK25Y7SN
x0voqcN	https://liff.line.me/1654883387-DxN9w07M/c/01KZTEBTBZ5QPV044WE4XWZX0S
8CViYcN	https://liff.line.me/1654883387-DxN9w07M/c/01KZR3AV2FXMMTC48HCJXVNEA3
ZyM1lIX	https://liff.line.me/1654883387-DxN9w07M/c/01KZR2V79H1K8WSWWX4NP9Z3BW
wMTgpdq	https://liff.line.me/1654883387-DxN9w07M/c/01KZR2GC2K5Y94TVFKZB4GHR44
pQKK8mU	https://liff.line.me/1654883387-DxN9w07M/c/01KZXB4FP711NVXPBKXS6E4QYY
tgbnyOE	https://liff.line.me/1654883387-DxN9w07M/c/01KZX260YWQRHD88GFV62FYN15
WFJAaov	https://liff.line.me/1654883387-DxN9w07M/c/01KZX1WY0FD3W4E4PCFXDQT7RB
PSqxT8u	https://liff.line.me/1654883387-DxN9w07M/c/01KZR2AGY139Z5Y24W01GAXVDX
o4J40U0	https://liff.line.me/1654883387-DxN9w07M/c/01KZX10JQZPXJGVA68693J9TXS
yH4L1a9	https://liff.line.me/1654883387-DxN9w07M/c/01KZX08XPKD522K4EY3MMGEQ94
vHDsfeY	https://liff.line.me/1654883387-DxN9w07M/c/01KZX1YQ7QV63ECP4217KN1CWM
8To5r0e	https://liff.line.me/1654883387-DxN9w07M/c/01KZXB07THYE72J2VBMDV8936B
5atYhiCw	https://liff.line.me/1654883387-DxN9w07M/c/01KZWZZ1G02CN1YC3E8V9PA8RP
Ri28MH5	https://liff.line.me/1654883387-DxN9w07M/c/01KZX1M5FNP6P97HG4JS7HA8WQ
64zDHcE	https://liff.line.me/1654883387-DxN9w07M/c/01KZX0HZQRC1S8DGN45EQMNAMG
NmyIR1H	https://liff.line.me/1654883387-DxN9w07M/c/01KZQVYGACYYA4N81ZM3ZKD0HM
z2Cmynu	https://liff.line.me/1654883387-DxN9w07M/c/01KZQV77WJMFRN1ZACRCN009RC
Sla1P1J	https://liff.line.me/1654883387-DxN9w07M/c/01KZX1JKXST6EBRXKS6AC8B7V0
OSX6hxA	https://liff.line.me/1654883387-DxN9w07M/c/01KZQVAW482RS7SY2TFG94ERWJ
SPkfNsr	https://liff.line.me/1654883387-DxN9w07M/c/01KZKKKA12XHBJPXA0K9H8E5F7
Oti5F2K	https://liff.line.me/1654883387-DxN9w07M/c/01KZX0XTY9Y8PF2QXD9G7DVWP3
WXXXQ56	https://liff.line.me/1654883387-DxN9w07M/c/01KZQV1T2PQPMM8N3FA7WKS925
t5A3V4s	https://liff.line.me/1654883387-DxN9w07M/c/01KZQV5DGQXQY1QPB1XBQXASBB
R8okvob	https://liff.line.me/1654883387-DxN9w07M/c/01KZQV4392SCJ7JQAAP9A7BD7T
6QZCkXYt	https://liff.line.me/1654883387-DxN9w07M/c/01KZKPMMR5XZVXV8FCDJ18KGER
Wuv0enE	https://liff.line.me/1654883387-DxN9w07M/c/01KZKP5S47EPPRGT29RHRNH6N9
nWkP8NV	https://liff.line.me/1654883387-DxN9w07M/c/01KZKPZJBT5YX8KTZRYZCKXYP4
TZk1JZB	https://liff.line.me/1654883387-DxN9w07M/c/01KZKQ62VP35J2H0D6GWJ68S4S
uYajQqB	https://liff.line.me/1654883387-DxN9w07M/c/01KZKRF7FXH1149ZGMR55CVBN9
9iTOtzs	https://liff.line.me/1654883387-DxN9w07M/c/01KZKQNT5Y7NKR37EPZPTFG54X
thSIeaC	https://liff.line.me/1654883387-DxN9w07M/c/01KZKR53YJ2DT8AMJQ3EY9JWMN
xw7yPhF	https://liff.line.me/1654883387-DxN9w07M/c/01KZKQFSYSCX2ARV7H850PDTAJ
tKB4PD7	https://liff.line.me/1654883387-DxN9w07M/c/01KZKR9NFJ0Z9CFQTGGMF8NKT8
6wERzqJ	https://liff.line.me/1654883387-DxN9w07M/c/01KZKR0GZR92T2TP34H520PVED
SLcveTS	https://liff.line.me/1654883387-DxN9w07M/c/01KZKRP72GJTRYRPZEP6P1Z812
zYJugQq	https://liff.line.me/1654883387-DxN9w07M/c/01KZKRT7BQYZ41Y4GY3R5ZG8EG
PWKYUx2	https://liff.line.me/1654883387-DxN9w07M/c/01KZKRXCK03XZESR703NT22Y70
8169qO2	https://liff.line.me/1654883387-DxN9w07M/c/01KZKS19Z5SYJ6809PPA5ZR995
NtEYBgf	https://liff.line.me/1654883387-DxN9w07M/c/01KZNGGQFN457SMRDFM0M197N3
qxKNLOft	https://liff.line.me/1654883387-DxN9w07M/c/01KZKSAV58X5QRJFCWMTDXK0J4
Vwksjixl	https://liff.line.me/1654883387-DxN9w07M/c/01KZX8JAEW6R9DJHFG9EW10RXD
8xEQ9nJu	https://liff.line.me/1654883387-DxN9w07M/c/01KZNGSH6Q3WBD59744Z2MT4PW
6k1LWCe	https://liff.line.me/1654883387-DxN9w07M/c/01KZKSH8EBY9E98608YVRN2Z5P
nx5q202	https://liff.line.me/1654883387-DxN9w07M/c/01KZKS64J1QW8B36V7NB17YCJN
wd3ZMg9	https://liff.line.me/1654883387-DxN9w07M/c/01KZNGPC0ENMA3F15E3ZYFH1B8
XwGpH8c	https://liff.line.me/1654883387-DxN9w07M/c/01KZNGMHKTVC8SAZT5V9QFHEBJ
RiY98Fe	https://liff.line.me/1654883387-DxN9w07M/c/01KZR40EK76SF04SQ2CRBE6CNK
zcF2roj	https://liff.line.me/1654883387-DxN9w07M/c/01KZNGQAJSSC3862XZQ3HW4PHS
s6VpOHO	https://liff.line.me/1654883387-DxN9w07M/c/01KZR41WXCWN06WK0347R8FXMV
yWesWav	https://liff.line.me/1654883387-DxN9w07M/c/01KZR44CEJ8VCMAFVJPQK9VD97
zXwTJc8	https://liff.line.me/1654883387-DxN9w07M/c/01KZANDCKEZZ6F5F9GBBTX3PFZ
5uHsmWf	https://liff.line.me/1654883387-DxN9w07M/c/01KZR43DZFET9GRCNJC3MF8QSY
yFC0IWn	https://liff.line.me/1654883387-DxN9w07M/c/01KZR43XEMB1H4M1ABTRCRGKKE
YnZCkQV	https://liff.line.me/1654883387-DxN9w07M/c/01KZR42FXNJDH8RH8TFYC8QJGT
5ZFs9zR	https://liff.line.me/1654883387-DxN9w07M/c/01KZAS71FSHR0PNVQ10NHRPXXN
uCSOhSN	https://liff.line.me/1654883387-DxN9w07M/c/01KZAX8BBRC80156SJ9WS7G7ZM
P0tvCDt	https://liff.line.me/1654883387-DxN9w07M/c/01KZAX9H5MR433VNSR79YKTGJP
5FOEHG2	https://liff.line.me/1654883387-DxN9w07M/c/01KZAR1M6VAN1YTFY6M82MYH5G
N0HleTR	https://liff.line.me/1654883387-DxN9w07M/c/01KZAR7S1S03XRNF7M8CJACS2V
qmaiy7L	https://liff.line.me/1654883387-DxN9w07M/c/01KZAS4FFWZFN94WGZKCDJQ4ZV
vcgatSf	https://liff.line.me/1654883387-DxN9w07M/c/01KZAREF1FM64XPGMDK00JE5AF
8Gat7CE	https://liff.line.me/1654883387-DxN9w07M/c/01KZARXJZEA0HMF0DNBC04JE0G
veBlY3L	https://liff.line.me/1654883387-DxN9w07M/c/01KZARS50HJJRZ55RHC9A0SVKY
vyaT7C0	https://liff.line.me/1654883387-DxN9w07M/c/01KZARKVKMGZX9TB682VJPAY0S
od3xirT	https://liff.line.me/1654883387-DxN9w07M/c/01KZASNV3TDPSE8D78GBQACGFA
uXyGRMJ	https://liff.line.me/1654883387-DxN9w07M/c/01KZASCV4DK7ZRHFGC3H6TEG6P
Q37QLQso	https://liff.line.me/1654883387-DxN9w07M/c/01KZASSPSFMSZY0ARPP8KK1524
n0DZRve	https://liff.line.me/1654883387-DxN9w07M/c/01KZAT49479TJZ1FSV2R32GBVM
XtTeNAn	https://liff.line.me/1654883387-DxN9w07M/c/01KZAT858NJZMVS6SHT4M9X4ZJ
8KOxMih	https://liff.line.me/1654883387-DxN9w07M/c/01KZATB9WDDH1CDGWRZGKXNCWD
Xk5hS2j	https://liff.line.me/1654883387-DxN9w07M/c/01KZWF4NK7ZYEDQPTSQAYD1J3F
sMhU2Lw	https://liff.line.me/1654883387-DxN9w07M/c/01KZATP921EEGBV042A5K4Z18Y
6T4Tpy7	https://liff.line.me/1654883387-DxN9w07M/c/01KZWHGGGHP9P3494TX7TZFQQ5
pSKOwhq	https://liff.line.me/1654883387-DxN9w07M/c/01KZWFJC4KPK3475Y1X1TMVS3S
QW4Y9Pep	https://liff.line.me/1654883387-DxN9w07M/c/01KZWFQJHCBYJM3ZSF2T27C0TK
7kEssfp	https://liff.line.me/1654883387-DxN9w07M/c/01KZWFVJHY2MX7XTA27C44Y1TW
6aLDMvm	https://liff.line.me/1654883387-DxN9w07M/c/01KZWFYND2PA4Y0KT40KASZDK7
SYsvef6	https://liff.line.me/1654883387-DxN9w07M/c/01KZWFWFENFTZ4N5W2H3WKE9SY
7vIIAnV	https://liff.line.me/1654883387-DxN9w07M/c/01KZR0H6YB58JW1WMQHEEYEQSS
rd1i98r	https://liff.line.me/1654883387-DxN9w07M/c/01KZQZCJ0RERKABEHJAS596XXZ
NUqWa2Y	https://liff.line.me/1654883387-DxN9w07M/c/01KZR38V2FXT8DJ1RB1FE5JZKS
x936O05	https://liff.line.me/1654883387-DxN9w07M/c/01KZR04CP8YDNPSV5ZXK2W7MED
xLuWlHb	https://liff.line.me/1654883387-DxN9w07M/c/01KZR0865D8FPHS0SM580NDE15
PXW9d2cP	https://liff.line.me/1654883387-DxN9w07M/c/01KZQZS6SQVKTX5AEPTCKN3W78
SjZlEc8	https://liff.line.me/1654883387-DxN9w07M/c/01KZR0MBZDPMFF18PHDDP2GRTE
SuI18Vz	https://liff.line.me/1654883387-DxN9w07M/c/01KZQWP6R90XRP662YTJKQEQRK
7qktkIs	https://liff.line.me/1654883387-DxN9w07M/c/01KZQWKZ31FTWE4X4S7HK1GWVP
Usai0eM	https://liff.line.me/1654883387-DxN9w07M/c/01KZQW8BPRVEXD34N0J5A5TXP9
RwSExuH	https://liff.line.me/1654883387-DxN9w07M/c/01KZQWT2BV2746WXF8BF7GF10S
9noybEI	https://liff.line.me/1654883387-DxN9w07M/c/01KZQWXSQ33EGNGRB03G9C3JZB
ZgzDuDR	https://liff.line.me/1654883387-DxN9w07M/c/01KZQWV4KHQ8M4ZY9GXV3XD8ZG
Sjmy9Fq	https://liff.line.me/1654883387-DxN9w07M/c/01KZQWAZKVQJKT41DVGFMCRTVF
SoziqGK	https://liff.line.me/1654883387-DxN9w07M/c/01KZQW0K06QGCP2WYVAGFDCSND
6RjxUVb	https://liff.line.me/1654883387-DxN9w07M/c/01KZQWDJT015TVQDJ0XTV4YKE2
QtJWjcT	https://liff.line.me/1654883387-DxN9w07M/c/01KZQWR4CT20KYJF9WJ63A5N0D
rkSx78g	https://liff.line.me/1654883387-DxN9w07M/c/01KZTFB7T2ZS6MS2TYP050B0QJ
NyKAVFP	https://liff.line.me/1654883387-DxN9w07M/c/01KZTFTMXBE6FHFY5WY0QDZ5BM
Xp3hnrD	https://liff.line.me/1654883387-DxN9w07M/c/01KZQWGA42WP825MBBZXXQFEG4
XcLOi7EU	https://liff.line.me/1654883387-DxN9w07M/c/01KZTG0NVVW3E1CNWW0DNAH191
6TBd6r8	https://liff.line.me/1654883387-DxN9w07M/c/01KZTENSWTEQVS6NKCAFH9AQ6X
S3tRLNa	https://liff.line.me/1654883387-DxN9w07M/c/01KZTF672H8YCGASBVNC8ZV45X
RMXD6NB	https://liff.line.me/1654883387-DxN9w07M/c/01KZTDAW74N7P20EB9EMX5K4K3
XIuotX3	https://liff.line.me/1654883387-DxN9w07M/c/01KZTEY3M1S1PPV76R1Q5TC7Q1
6ZLfhdo	https://liff.line.me/1654883387-DxN9w07M/c/01KZTDM1JTZH180JJZG34NPRKY
8DOfV8m	https://liff.line.me/1654883387-DxN9w07M/c/01KZTF3NGBFAYS9X60WWW8SNHT
PDtgtq1	https://liff.line.me/1654883387-DxN9w07M/c/01KZWF5B0NBD57D3T0MDD9EXRR
uV0bDB4	https://liff.line.me/1654883387-DxN9w07M/c/01KZTE1DBRN6GDK2G23N3DMBFE
t9fQ9pi	https://liff.line.me/1654883387-DxN9w07M/c/01KZT0MFKFR7BVMR9951PTCRFD
VQ0Ff5O	https://liff.line.me/1654883387-DxN9w07M/c/01KZT0R4DVNFZ9GA4726KRPKF9
R2EY3R8	https://liff.line.me/1654883387-DxN9w07M/c/01KZTEXN4CADDTZ05BQE7SAHQ0
9qUMnRY	https://liff.line.me/1654883387-DxN9w07M/c/01KZT0SZMXQ4Y5QPFDNQ87JACM
pG35zhF	https://liff.line.me/1654883387-DxN9w07M/c/01KZT0X07W16SKN0CC5JC79G3S
RWshREF	https://liff.line.me/1654883387-DxN9w07M/c/01KZT0VQPGKXQYGMKC4WX7KWZY
9CbDgcb	https://liff.line.me/1654883387-DxN9w07M/c/01KZTEJFJN4QBB3KVY2HT053RX
sodek23	https://liff.line.me/1654883387-DxN9w07M/c/01KZT0YBGJ2X2XGFTF81GRCMSY
V1ikGMq	https://liff.line.me/1654883387-DxN9w07M/c/01KZJFA8T84SM1E7K2MVATKTXH
Q0jJpiG	https://liff.line.me/1654883387-DxN9w07M/c/01KZG89KBGRR26H7839M0YPCK5
X5WiYVHg	https://liff.line.me/1654883387-DxN9w07M/c/01KZJP9386PW0Q13KVWBM33BB0
7R2mCEk	https://liff.line.me/1654883387-DxN9w07M/c/01KZJFSDD9BPYNY32BC4NHMTCE
WAfiHKR	https://liff.line.me/1654883387-DxN9w07M/c/01KZG80NKFT82G4PJPA077HC16
YnuT0gX	https://liff.line.me/1654883387-DxN9w07M/c/01KZJPD6ZKQBG55FC4P8P4D84G
UdmxuKR	https://liff.line.me/1654883387-DxN9w07M/c/01KZJP3XG70KS4H2YYAE32Z7M4
8jNuCGD	https://liff.line.me/1654883387-DxN9w07M/c/01KZB4WDWYEBKRVAAP4KG65SQ0
o2IF6ou	https://liff.line.me/1654883387-DxN9w07M/c/01KZ8DT1PZV9ERE6XA5XSHEFDT
5zEDc6s	https://liff.line.me/1654883387-DxN9w07M/c/01KZT8FVH1NBB951YNBGQ8KPQM
rAn21McA	https://liff.line.me/1654883387-DxN9w07M/c/01KZG7S082VG2DSRN06RPBYXD4
X32NGSS	https://liff.line.me/1654883387-DxN9w07M/c/01KZB52Q10KAGJXTQ4CEV6E7AP
URn1rgs	https://liff.line.me/1654883387-DxN9w07M/c/01KZB4Z2WPAYMK84XCCZQA0QXF
nJOidrY	https://liff.line.me/1654883387-DxN9w07M/c/01KZB3BH79ZCK0SSE9HVHA21TT
ylvWsoQ	https://liff.line.me/1654883387-DxN9w07M/c/01KZG7MSHWBRZ57VFT9GWQJVWB
ukgYNDjE	https://liff.line.me/1654883387-DxN9w07M/c/01KZB2X3SFG45M0A4KXY1TCFGE
56F7DDR	https://liff.line.me/1654883387-DxN9w07M/c/01KZB2Y2SPT34M9AZRJVAT1XW7
RCa6ZB2	https://liff.line.me/1654883387-DxN9w07M/c/01KZG7VTTK1XVHC59YA571G5JQ
yLHprMI	https://liff.line.me/1654883387-DxN9w07M/c/01KZB34YZ4TGF7BCA67Z8K9C6Z
TdjV23p	https://liff.line.me/1654883387-DxN9w07M/c/01KZQXMTDJDQDAZAR484MJFXRS
8Vc88sI	https://liff.line.me/1654883387-DxN9w07M/c/01KZQTJ2GY5E4B3621NNHD313R
qXcFheX	https://liff.line.me/1654883387-DxN9w07M/c/01KZQT7YFWF9AQQQ9TBJ0MJRZ8
zE9PhwS	https://liff.line.me/1654883387-DxN9w07M/c/01KZJC24DSA6DFWF4GHMM8GJJ3
PBYr6Mq	https://liff.line.me/1654883387-DxN9w07M/c/01KZJBHQYX8GDAQADECNH5SKEQ
yf5nqtH	https://liff.line.me/1654883387-DxN9w07M/c/01KZXEQRTW6W8SBMJW5J8KCCT5
nH4cgD9	https://liff.line.me/1654883387-DxN9w07M/c/01KZJBWXVDE0M5JVG71RQYWHVV
UdSAshr	https://liff.line.me/1654883387-DxN9w07M/c/01KZQTA2QZS0K6AAF7E6WJ9P8H
5SqvHlX	https://liff.line.me/1654883387-DxN9w07M/c/01KZQTN8Q2KX1V0PD7J2K53T14
SIfMjRwv	https://liff.line.me/1654883387-DxN9w07M/c/01KZQXTMYW8PCZT94SE18VT50J
ymb0Xja	https://liff.line.me/1654883387-DxN9w07M/c/01KZJC4AAJAFFMW3TCJZDH5A9Y
q24FUwa	https://liff.line.me/1654883387-DxN9w07M/c/01KZJC7SEW22HWVH2XJSQP6R0T
QwoX3EQ	https://liff.line.me/1654883387-DxN9w07M/c/01KZJCGXBHAVA26T5WC56TAAGD
5XsG8Fv	https://liff.line.me/1654883387-DxN9w07M/c/01KZJCBJ7WX6QEVJ339YMHAJQW
YWpQL70	https://liff.line.me/1654883387-DxN9w07M/c/01KZN3RRD7G945A05B1K5X39P5
NFIJv84	https://liff.line.me/1654883387-DxN9w07M/c/01KZXRW7XPHZJZP4CKD4VR6TZW
yvQjsEx	https://liff.line.me/1654883387-DxN9w07M/c/01KZXSASRMDJ0EM98PGM97VKNG
pNsRNr1	https://liff.line.me/1654883387-DxN9w07M/c/01KZXT6W9ZJF3W595DDTJW7R09
U8Oe09b	https://liff.line.me/1654883387-DxN9w07M/c/01KZJC96CSVSQ64479VC6TA1X9
QuqFRKQ	https://liff.line.me/1654883387-DxN9w07M/c/01KZN3PKR3WTMYASH9B608J8V8
t2mC2PS	https://liff.line.me/1654883387-DxN9w07M/c/01KZXR89FY6A2NMWPFZXEHT7M8
y4Q0Or4	https://liff.line.me/1654883387-DxN9w07M/c/01KZXS54QP6124YS25VBS8M8RR
wioNQicb	https://liff.line.me/1654883387-DxN9w07M/c/01KZXSP1M4CF2XYYCMQNVNJS8D
XhwOD4E	https://liff.line.me/1654883387-DxN9w07M/c/01KZ8H7P0K36EM5K1799M3SKGC
yUrf7PX	https://liff.line.me/1654883387-DxN9w07M/c/01KZRC3GS9VNFGKXVW7C2K196J
shRdu1e	https://liff.line.me/1654883387-DxN9w07M/c/01KZ8ENCGVH950S3N8391NJNT5
VuCcdSx	https://liff.line.me/1654883387-DxN9w07M/c/01KZ8H74FMJ9DF9YZK8YBTFC88
ST5tzSS	https://liff.line.me/1654883387-DxN9w07M/c/01KZ8H8G7TS0AYPW7NS52P53MP
trE8X4r	https://liff.line.me/1654883387-DxN9w07M/c/01KZ8H6EJPPNKD2C3Z7WY4Q9JK
ST6wea8	https://liff.line.me/1654883387-DxN9w07M/c/01KZ8H9WE8HDBGPFP27P751YNS
7sllZIS	https://liff.line.me/1654883387-DxN9w07M/c/01KZRCGTV1ZFWH26Q4A0TWM1XW
tYJYMmO	https://liff.line.me/1654883387-DxN9w07M/c/01KZRDDT5G6026AT19CCKNEQFP
TRxkkee	https://liff.line.me/1654883387-DxN9w07M/c/01KZSGC7FAWP89FB6KSR6YP0GD
sJaIeyQ	https://liff.line.me/1654883387-DxN9w07M/c/01KZRDHYNFGAW4FRNJGQWH16XS
76pt1Mj	https://liff.line.me/1654883387-DxN9w07M/c/01KZSH4S5533X4NZ2D5KQNXQAS
xyr8piM	https://liff.line.me/1654883387-DxN9w07M/c/01KZRDVNJ4PTP6QY92E7297ERR
VSMbQMf	https://liff.line.me/1654883387-DxN9w07M/c/01KZRDMBQA618HQ834MYY3EWKT
RLlgJ2Q	https://liff.line.me/1654883387-DxN9w07M/c/01KZSFQ38BH82250XGVAPBJ0HV
P9DTkmu	https://liff.line.me/1654883387-DxN9w07M/c/01KZSGMMJ444WCAVHEB5BMJ1EW
sofU6N4	https://liff.line.me/1654883387-DxN9w07M/c/01KZRDX00SCSGTT8D8RN7KWJV3
Nn81rGR	https://liff.line.me/1654883387-DxN9w07M/c/01KZSGWK43Y846AN8TGMTKWVTS
5KBQ7mN	https://liff.line.me/1654883387-DxN9w07M/c/01KZSHCBKE7AW481CE6R58F6EW
tMgfuqLe	https://liff.line.me/1654883387-DxN9w07M/c/01KZSJ34VHTENAZCGHTW4DF56F
oCPYWLm	https://liff.line.me/1654883387-DxN9w07M/c/01KZSHJSMYT52RGS7D7BRSHFM6
PuF1gJF	https://liff.line.me/1654883387-DxN9w07M/c/01KZSJB7Q5KVV8YQK3RGP24TSM
5qfHoAK	https://liff.line.me/1654883387-DxN9w07M/c/01KZSHXESZXDTF5K3FBFE12Q5J
rb9j57K	https://liff.line.me/1654883387-DxN9w07M/c/01KZSHRJ19PMY855J31VT4CTE9
St3vmNt	https://liff.line.me/1654883387-DxN9w07M/c/01KZR8P8JPTYC2EDZ1GCH371E5
RAMKYD2	https://liff.line.me/1654883387-DxN9w07M/c/01KZR83XEX3GN2QVMGFRQZ29FD
ocO2EBw	https://liff.line.me/1654883387-DxN9w07M/c/01KZR8H5AKG4S9PHC49HT5D7R6
nojWiSP	https://liff.line.me/1654883387-DxN9w07M/c/01KZR8M7F4HS8A1AFPECS38XXS
VCTgf2H	https://liff.line.me/1654883387-DxN9w07M/c/01KZR7TFX4D23C7369HEBA6VBY
olPfm4d	https://liff.line.me/1654883387-DxN9w07M/c/01KZR7Z8Z1MRYH3B63V46FY9ZQ
n0Q8kzu	https://liff.line.me/1654883387-DxN9w07M/c/01KZBD1CEPMM3DCBM1KD7JAV3M
8mS9l8H	https://liff.line.me/1654883387-DxN9w07M/c/01KZBDAYXV8Y5M6M6E94S9Z3E0
wzxwAXR	https://liff.line.me/1654883387-DxN9w07M/c/01KZBCSP2TTTMCP2JH0ZP3N9NT
OWrOU0l	https://liff.line.me/1654883387-DxN9w07M/c/01KZBC1SWGP2VQBB6J61ST1EVD
8VFKL1I	https://liff.line.me/1654883387-DxN9w07M/c/01KZAZXWAS5GMNDMBVDRBC3TZE
nnpbXCV	https://liff.line.me/1654883387-DxN9w07M/c/01KZ3PG96X86ZNQKVC9M7DGW7R
O3KbaiO	https://liff.line.me/1654883387-DxN9w07M/c/01KZBDHBBXNSSSWPNC2NT7RVSK
oPVca5c	https://liff.line.me/1654883387-DxN9w07M/c/01KZB0GFG9VSQX37GNHJTXJPTR
7KsxPVq	https://liff.line.me/1654883387-DxN9w07M/c/01KZB0VDHT27J5J18DFSQ156DB
YbAUGr1	https://liff.line.me/1654883387-DxN9w07M/c/01KZB1FDZEBVKD8TYM7P3J3KSZ
uA73h5c	https://liff.line.me/1654883387-DxN9w07M/c/01KZB18MKREGKS82QXDPDXKHJR
yM5i3cZ	https://liff.line.me/1654883387-DxN9w07M/c/01KZ6943EP9EXE02EN0S5DQ6TZ
Ybgv4uQ	https://liff.line.me/1654883387-DxN9w07M/c/01KZ6ADYPVBPWSGYBZQP9N8ZZ5
UTXY8y6	https://liff.line.me/1654883387-DxN9w07M/c/01KZ6B7ZES5S0MSKWMYQRJCGQ4
qHVnTsq	https://liff.line.me/1654883387-DxN9w07M/c/01KZ67TAPA5HM76N807V71NKD5
soHQJDV	https://liff.line.me/1654883387-DxN9w07M/c/01KZJ9K7BA7NB4MFDP7DA2EZ6M
Vi0B5s4	https://liff.line.me/1654883387-DxN9w07M/c/01KZ68JPER3WNVK508SHX4Q490
NplMwz8	https://liff.line.me/1654883387-DxN9w07M/c/01KZ675NJTBBTRHVBBP8CK98B6
uJg2LrM	https://liff.line.me/1654883387-DxN9w07M/c/01KZJAEJ2KAKKVPW3SQRTYMPP7
6w8TRNf	https://liff.line.me/1654883387-DxN9w07M/c/01KZJARMPW7N5RXK0KBHNEFR58
ZS0Ccsn	https://liff.line.me/1654883387-DxN9w07M/c/01KZJBAJBY5TVKDYEDTSCKXYJ2
OMxqM3Dd	https://liff.line.me/1654883387-DxN9w07M/c/01KZJBV42E47KTRBMNFYP8WDZ4
8s75XeO	https://liff.line.me/1654883387-DxN9w07M/c/01KZT132A8XEB1PZVN0Y9JQC1X
QdA4s1R	https://liff.line.me/1654883387-DxN9w07M/c/01KZJBQ22J8Q7EDFC9X5399TZJ
WJq0pp5	https://liff.line.me/1654883387-DxN9w07M/c/01KZT0ECQQQEXZYF83K48YST80
y4ty8Er	https://liff.line.me/1654883387-DxN9w07M/c/01KZT0A7X5CS6MDQ2NZAEJES6N
uUZc8Zn	https://liff.line.me/1654883387-DxN9w07M/c/01KZT0XT39CTW74K1TGH0A7EH1
TrbtK47	https://liff.line.me/1654883387-DxN9w07M/c/01KZT0KYMBXPX40N2EBXW1MVQ0
VqIVDpk	https://liff.line.me/1654883387-DxN9w07M/c/01KZT06HDY2VDP3ZZYNMADEVK4
pVs6YEO	https://liff.line.me/1654883387-DxN9w07M/c/01KZTGG28SBFWY63GXT7R2V63B
u4Bujc4	https://liff.line.me/1654883387-DxN9w07M/c/01KZTGXY0KHP5NCMSG49RJ555P
UcfwQyK	https://liff.line.me/1654883387-DxN9w07M/c/01KZR1QYEQJJ8Y63C0RYATP6AF
TsGx0Wp	https://liff.line.me/1654883387-DxN9w07M/c/01KZR1C980ZRQTDHBGZ8A78HRB
szlns7b	https://liff.line.me/1654883387-DxN9w07M/c/01KZR15F5ZM03EZ3YG2PDAEASG
7nnKruw	https://liff.line.me/1654883387-DxN9w07M/c/01KZR26NP9N9SFEQ2KQ01ST7T1
5ZchKw3	https://liff.line.me/1654883387-DxN9w07M/c/01KZR2FKVQKDNMYY22YEBZWDXE
nVsmmAk	https://liff.line.me/1654883387-DxN9w07M/c/01KZT8508S2MXB1Z41KWDNTY9W
RlamSmd	https://liff.line.me/1654883387-DxN9w07M/c/01KZT7Y21RB4840WC7JQ2AAP66
RW2k66Z	https://liff.line.me/1654883387-DxN9w07M/c/01KZR21DBEJ289CWW7SF5RBBWY
YR01I7l	https://liff.line.me/1654883387-DxN9w07M/c/01KZT8AMBNMJ6GF88YZH6RPDJ1
ZuuS7Ww	https://liff.line.me/1654883387-DxN9w07M/c/01KZT7AHEH987XRB0G4YC79488
Q2Tu9J9	https://liff.line.me/1654883387-DxN9w07M/c/01KZTCH9AQP2MA578SX64BKZB3
NZ6SoQZ	https://liff.line.me/1654883387-DxN9w07M/c/01KZTFD8DS8HYY9A3944YJEC1Y
Pd6ef4E	https://liff.line.me/1654883387-DxN9w07M/c/01KZTB36VB14J48E0KM63TQZVV
nfzrVbl	https://liff.line.me/1654883387-DxN9w07M/c/01KZTP31EZCMX98GRZ6PBGFC86
yKApUM7T	https://liff.line.me/1654883387-DxN9w07M/c/01KZTP0MAT63VJTF0NZKZHRSZC
prpHtPG	https://liff.line.me/1654883387-DxN9w07M/c/01KZTNVTNAZ2P86C05RAZF4VT8
N5nYpvj	https://liff.line.me/1654883387-DxN9w07M/c/01KZTNYKVBR0AW5JN6G1CJSFRF
p6YDnxo	https://liff.line.me/1654883387-DxN9w07M/c/01KZTN8V8ESNX9KH7B0SWYZ1TP
5CroAgQ	https://liff.line.me/1654883387-DxN9w07M/c/01KZTN63KNX1B07XJ7X0M0HXF2
RDrpzb3	https://liff.line.me/1654883387-DxN9w07M/c/01KZNPENYYZ6P3C7K5MR4DK9BV
Rj0Z5kK	https://liff.line.me/1654883387-DxN9w07M/c/01KZTNXYJ1V259F89FSSF2BB8X
vckR7ws	https://liff.line.me/1654883387-DxN9w07M/c/01KZNPBH2NZ2TBM2RR4WYGJ04B
9C0OcY4	https://liff.line.me/1654883387-DxN9w07M/c/01KZTN2WBZ9K3YDWK1F2MXG4QR
qjvuWuS	https://liff.line.me/1654883387-DxN9w07M/c/01KZV7E15CGSMR803Z41TS6APV
NRYllUB	https://liff.line.me/1654883387-DxN9w07M/c/01KZSYP0RPKP3J4S595WT1P1G0
wm0Hhq9	https://liff.line.me/1654883387-DxN9w07M/c/01KZTAE62Y2QV053BVZ5R9ZB45
N3wJMaA	https://liff.line.me/1654883387-DxN9w07M/c/01KZSY9SRY858EPEKZMG281MM1
twWALxs	https://liff.line.me/1654883387-DxN9w07M/c/01KZTP3JJR4732Y0JTNW1GKB4Y
5wpJmuW	https://liff.line.me/1654883387-DxN9w07M/c/01KZTAJ6XNSPTQBY1JYA3H4NT6
yHmBqra	https://liff.line.me/1654883387-DxN9w07M/c/01KZTANMD8QEAP5BWB90A84WN2
oqHKBG9	https://liff.line.me/1654883387-DxN9w07M/c/01KZTAS97PS7Z0ZTAPG7EYVXD0
P0hkith	https://liff.line.me/1654883387-DxN9w07M/c/01KZTAVP1K6KXCN6F6JR8G66X1
98VfoW1	https://liff.line.me/1654883387-DxN9w07M/c/01KZTAXM1G07RD9PDBCP1ZS75N
oBtD97n	https://liff.line.me/1654883387-DxN9w07M/c/01KZRFT0Y2SWKZ7VA6SZP4N431
tnl6rbG	https://liff.line.me/1654883387-DxN9w07M/c/01KZT1SB9NKMFSWRYV5F3D6EXD
Z2SUNVM	https://liff.line.me/1654883387-DxN9w07M/c/01KZT21R8ASCYMAXYPQYGSK1QW
rFKVS8l	https://liff.line.me/1654883387-DxN9w07M/c/01KZRG2BSCF94FMBD73D08BJMX
QFU5cEXp	https://liff.line.me/1654883387-DxN9w07M/c/01KZT25EC9V6F34KW7VTJWD360
nM5pYJO	https://liff.line.me/1654883387-DxN9w07M/c/01KZT2H26QKSCDNT8FD3S6DJQX
8adrK2g	https://liff.line.me/1654883387-DxN9w07M/c/01KZT29BNBYKKGX9EVF72TN2QK
WP2UBar	https://liff.line.me/1654883387-DxN9w07M/c/01KZT276D3X7ZEJKH6AGNHCXTS
QmLtuSo	https://liff.line.me/1654883387-DxN9w07M/c/01KZT2K5BA0MV4CKYR1SWDABG5
pB0AJ3G	https://liff.line.me/1654883387-DxN9w07M/c/01KZT2MGANC7B1CRJ0Q9FNSK5P
zmsIXxe	https://liff.line.me/1654883387-DxN9w07M/c/01KZT2NJ98A3T66G1R1N5Y958N
P19tWnl	https://liff.line.me/1654883387-DxN9w07M/c/01KZT2VFZRTDBDV59MDRWSQ4V4
R46NOSh	https://liff.line.me/1654883387-DxN9w07M/c/01KZT2PSPTTQRXGFHAKZXTJS2S
V71bAlL	https://liff.line.me/1654883387-DxN9w07M/c/01KZT33ZH8DQJJW86WPA2FJ42E
tAUk1FI	https://liff.line.me/1654883387-DxN9w07M/c/01KZT2WZAJ4Y9KWDPF32WK3CAF
8xYeriS	https://liff.line.me/1654883387-DxN9w07M/c/01KZT37KJF13X49YASM0KSDR51
Xi0tP26	https://liff.line.me/1654883387-DxN9w07M/c/01KZT35X96VX219KWQ8V36GP94
OaAhFbjq	https://liff.line.me/1654883387-DxN9w07M/c/01KZT39F1WKS6QG3VNJPK7RSF8
zsCgeyh	https://liff.line.me/1654883387-DxN9w07M/c/01KZT3D5FWEMAMCTMZEAGYJWS7
sPr8CS3	https://liff.line.me/1654883387-DxN9w07M/c/01KZT3EKYFM12HHWJ83813ZC1N
66gqK3R	https://liff.line.me/1654883387-DxN9w07M/c/01KZT3BDZ7Z7ERYYZ88N4SQ3BG
PkRUhy1	https://liff.line.me/1654883387-DxN9w07M/c/01KZWN44N1TT57G2G8JSKHAJ3C
XGWjmZh	https://liff.line.me/1654883387-DxN9w07M/c/01KZWN9FNW9968CYZTGYTDS31G
UmE87vo	https://liff.line.me/1654883387-DxN9w07M/c/01KZWMF1XPTK2PVWWJ8MAHZCYW
vkGNYBG	https://liff.line.me/1654883387-DxN9w07M/c/01KZWNE9Z48VKQ9Y874EFXE35S
w33UyRw	https://liff.line.me/1654883387-DxN9w07M/c/01KZWNHYKP4ZVGYT9FFSX031DK
YbC2vPO	https://liff.line.me/1654883387-DxN9w07M/c/01KZXBZPMBBR0QA3468CNG25T5
ntSBTUP	https://liff.line.me/1654883387-DxN9w07M/c/01KZXCG0NN4W6P2XZT3FSWRGJN
pgLqtJV	https://liff.line.me/1654883387-DxN9w07M/c/01KZXCQR4A6GBXY0JHGNGDDHY0
YisrONG	https://liff.line.me/1654883387-DxN9w07M/c/01KZXCWY7BX9DRZAFNJ4H41WYK
ySAuCug	https://liff.line.me/1654883387-DxN9w07M/c/01KZXCM3V07RZDN54TKJ0P1JNR
p2gWRzr	https://liff.line.me/1654883387-DxN9w07M/c/01KZXD06N433ASMJDMV9JD27GN
SshSl9A	https://liff.line.me/1654883387-DxN9w07M/c/01KZWGX2G5QX3CWVMCMCZT1QHA
sL30PLn	https://liff.line.me/1654883387-DxN9w07M/c/01KZWGT3W7FNM3Z0RR3C2WQB0T
5aKPDmy	https://liff.line.me/1654883387-DxN9w07M/c/01KZWGW03SFCZPBMH6KP17DZKF
x6pPqGy	https://liff.line.me/1654883387-DxN9w07M/c/01KZWH5PNDCDAPZB6CC9H102MA
YUk3Xa9	https://liff.line.me/1654883387-DxN9w07M/c/01KZWH3SKXA4AGH9YMF3JCNBBC
R8npZvC	https://liff.line.me/1654883387-DxN9w07M/c/01KZWH727DCVAXPHENVJ93B05Y
TsEyfOzG	https://liff.line.me/1654883387-DxN9w07M/c/01KZWH9ZD3248CT5THJPAV0QZ1
UQlH1gW	https://liff.line.me/1654883387-DxN9w07M/c/01KZWHCA95Q6T8CK6Y12ABKGEG
PmZFyIS	https://liff.line.me/1654883387-DxN9w07M/c/01KZWHB5DCVHGZHDRW0S9HE037
z5HLRuf	https://liff.line.me/1654883387-DxN9w07M/c/01KZWH8CQ8VPW2STVW2DG54810
yOYixDJ	https://liff.line.me/1654883387-DxN9w07M/c/01KZWHFN4B7BV563JZN5VEBRKB
XQIrzva	https://liff.line.me/1654883387-DxN9w07M/c/01KZWHDA1A7YRAQ3NQDXF76FPM
W6dOF0c	https://liff.line.me/1654883387-DxN9w07M/c/01KZWHEDV0TPZYK5BW6R12HS0N
zqApOxE	https://liff.line.me/1654883387-DxN9w07M/c/01KZWHJKXESTC1PDJ0RZ44XPR8
xe0367ja	https://liff.line.me/1654883387-DxN9w07M/c/01M0YR1BBZDPHEA3NW4GHSHZ0C
xxqkyvC	https://liff.line.me/1654883387-DxN9w07M/c/01M0YR2ACSVXVWWD0M2CZ1JYHA
TmhBnu9	https://liff.line.me/1654883387-DxN9w07M/c/01M0YR33P5KEM21E9W3E7BE6R8
9xvdY8S	https://liff.line.me/1654883387-DxN9w07M/c/01M0YR3W96XB2J0MYTKXJ3FKGF
yP3r8Lq	https://liff.line.me/1654883387-DxN9w07M/c/01M10NAYGPRRBXG2PXGBZZ0PKA
tratm8F	https://liff.line.me/1654883387-DxN9w07M/c/01M0YQP75P052TW4M84B4Q0B6B
zrGLkVA	https://liff.line.me/1654883387-DxN9w07M/c/01M0YQQZ3HFGHKDDFBGMEKXP4H
QrlSYOm	https://liff.line.me/1654883387-DxN9w07M/c/01M0YQVRC7VSPAF8985WES15BZ
suYW8By	https://liff.line.me/1654883387-DxN9w07M/c/01M0YQWP4XF9F83TS6N947DYQS
XoUgnBE	https://liff.line.me/1654883387-DxN9w07M/c/01M0YQXQZYQSBYEYE4668C9ER2
oQftDUW	https://liff.line.me/1654883387-DxN9w07M/c/01M0Y0SRP1ECK2SJHCMMMPCJYM
z7Td3Gr	https://liff.line.me/1654883387-DxN9w07M/c/01M0Y0V5QCG4Q9BTPS3VHGPNJ3
8WUY2KX	https://liff.line.me/1654883387-DxN9w07M/c/01M0Y0YNQ43XFCH78KHBEAE8EW
7OSuRof	https://liff.line.me/1654883387-DxN9w07M/c/01M0Y0ZWCMCNK0QTH3P52H2Y32
rwPDcO1	https://liff.line.me/1654883387-DxN9w07M/c/01M0Y115FT8H18B5G9E6KAWAP7
8UeJWKh	https://liff.line.me/1654883387-DxN9w07M/c/01M0Y124WT35DKP3FF53FB7BQ5
OPYEc578	https://liff.line.me/1654883387-DxN9w07M/c/01M0Y130X5Q2F7E72KM4KFGZ74
WBMWFcS	https://liff.line.me/1654883387-DxN9w07M/c/01M0Y13T5A2N1GB6FYDY2M3HSQ
RxHvaPM	https://liff.line.me/1654883387-DxN9w07M/c/01M0Y14K3B4V9SGZ4C7SVNXY3Z
NzS2cxEK	https://liff.line.me/1654883387-DxN9w07M/c/01M0Y16H277QQ7DVMQWE66VBS8
tvERf3U	https://liff.line.me/1654883387-DxN9w07M/c/01M0Y17F49KXMZTZP07N4K4MNE
vjuf0wr	https://liff.line.me/1654883387-DxN9w07M/c/01M0Y18FSR1SBF5VTX8HETAE3K
NYvqvZ2	https://liff.line.me/1654883387-DxN9w07M/c/01M0Y19EK7NHM0FCPC7VPBHJX5
ZAbzxDV	https://liff.line.me/1654883387-DxN9w07M/c/01M0Y1A8WVVBQRN1WKDTRMVDTH
SE0DFSI	https://liff.line.me/1654883387-DxN9w07M/c/01M0Y1BTBZD3ZR0P2MY8CGZ9D0
87xUH1V	https://liff.line.me/1654883387-DxN9w07M/c/01M0Y1CKZN8C2A81XDSKPH2YDT
8fEeQs2	https://liff.line.me/1654883387-DxN9w07M/c/01M0Y1DAD93WQMSJGNR971HJ4Q
NWIqavM	https://liff.line.me/1654883387-DxN9w07M/c/01M0Y1EC6M1NYV1YA55JS1VG3Q
NX0u6zt	https://liff.line.me/1654883387-DxN9w07M/c/01M0HTJ9QNXHXP90C5T4BSA1AN
Wdlwq4x	https://liff.line.me/1654883387-DxN9w07M/c/01KZTK5D8TVB6P98DDJYXPV60G
YaNp2ax	https://liff.line.me/1654883387-DxN9w07M/c/01KZTK744KZ8229MH8S53JJ7PM
x2sZbiB	https://liff.line.me/1654883387-DxN9w07M/c/01M0HTDH7G0BZWQC9C09QG9XXQ
qiUdBhv	https://liff.line.me/1654883387-DxN9w07M/c/01M0HVDTYJVMNJX77Q3M8MGYQY
yXW2ZaV	https://liff.line.me/1654883387-DxN9w07M/c/01M0HQ7FPC89SXTDMCB8233SG0
T0Bn5jo	https://liff.line.me/1654883387-DxN9w07M/c/01KZTKA1BV91K6SK165ESWAX3E
Noblk6Sa	https://liff.line.me/1654883387-DxN9w07M/c/01KZTKHD03FZ6SDMY6XQ75JQHY
Pwc4Tl2	https://liff.line.me/1654883387-DxN9w07M/c/01M0HVGFY5NRCTXRG74GJPVPWK
xHpCF14	https://liff.line.me/1654883387-DxN9w07M/c/01M0HPCQ03AJDQDBM65XRA1MZX
qxwwrT2	https://liff.line.me/1654883387-DxN9w07M/c/01M0HVM15A6MT456F1QRFTVRJ5
zCmUo3W	https://liff.line.me/1654883387-DxN9w07M/c/01M0HPGEJCA7MRFFHCZJC8PV2P
7GvvFzA	https://liff.line.me/1654883387-DxN9w07M/c/01M0HPRS2ADZRKK0E7HPRJDEQW
ZVKVm1g	https://liff.line.me/1654883387-DxN9w07M/c/01M0HPMPB9B2RVVP52JJPRGJA1
6Jb8Xeq	https://liff.line.me/1654883387-DxN9w07M/c/01M0HP6CQ0KZK9G61BSAJ5K8AN
opnUKNC	https://liff.line.me/1654883387-DxN9w07M/c/01M0HTG3944VA2ZPXHZF54ES3N
7a1iQAm	https://liff.line.me/1654883387-DxN9w07M/c/01M0HV0T71TEDF77EH4W24E6FG
TUn3Y7o	https://liff.line.me/1654883387-DxN9w07M/c/01M0HV9BSJ0AZY24BZZ9CHQ0ZZ
orJ6uyC	https://liff.line.me/1654883387-DxN9w07M/c/01M0SC9WNGHZ5S802XTXE87E17
zTfTvpD	https://liff.line.me/1654883387-DxN9w07M/c/01M0YRRN7ENPF6032AX6RJ51HG
zBGbaSa	https://liff.line.me/1654883387-DxN9w07M/c/01M0YRSGY6MX0AN87YYCMW5ZKR
NmI5pyX	https://liff.line.me/1654883387-DxN9w07M/c/01M0YRTEN9PNEJSB4J8FNSYXPA
5iP45eb	https://liff.line.me/1654883387-DxN9w07M/c/01M0YRVKEJXDW3HYT0QDG41B58
X1Ypoek	https://liff.line.me/1654883387-DxN9w07M/c/01M0YRYNKNG72CYC5FAZA1S9VW
OXTR7l3	https://liff.line.me/1654883387-DxN9w07M/c/01M0YRZEA33A6AP2AC898YW9Y6
S8yfj1o	https://liff.line.me/1654883387-DxN9w07M/c/01M0YST4BBC2FAGR5AH7S9DXPM
ZOZ34q6	https://liff.line.me/1654883387-DxN9w07M/c/01M0YSWS77Z7SZ8HEKCQW9P9J4
ZHURiDd	https://liff.line.me/1654883387-DxN9w07M/c/01M0YSXYR1NYW64GDMGG9H4EXX
t9Fn7iw	https://liff.line.me/1654883387-DxN9w07M/c/01M0YSSAF87E8P4VCKBR35P414
tNvOVbj	https://liff.line.me/1654883387-DxN9w07M/c/01M0YRWCF67YDT9W4K2X7D15T3
yio9ZGk	https://liff.line.me/1654883387-DxN9w07M/c/01M0YRXE8R14F1MX4E1AMGA5HS
WeVBkyE	https://liff.line.me/1654883387-DxN9w07M/c/01M0YRMF56S0X3YQ06T7FR0YJT
OSj26JJ	https://liff.line.me/1654883387-DxN9w07M/c/01M0YDY0N8338S886G1GVBA3FT
StkURkyV	https://liff.line.me/1654883387-DxN9w07M/c/01M0YDX1VVZTE8DBSVW6K64HN3
wjRuEzM	https://liff.line.me/1654883387-DxN9w07M/c/01M0YDV4X2DS49BJXVT0E386E2
S2hCveN	https://liff.line.me/1654883387-DxN9w07M/c/01M0YDNRCMWBSBT76PWCABS2E4
Rka7bKF	https://liff.line.me/1654883387-DxN9w07M/c/01M0YDM33GS0N6PHN2FQ25Z4CG
qX1qW6ar	https://liff.line.me/1654883387-DxN9w07M/c/01M0YDFT5JKJN66MCEVRGGYR50
SUqCHvm	https://liff.line.me/1654883387-DxN9w07M/c/01M0YDFCHTPENYHN6X4PDCZT1X
Op8jS9I	https://liff.line.me/1654883387-DxN9w07M/c/01M0YDD67AABMJZHSZE701AT2E
9lxk0P4R	https://liff.line.me/1654883387-DxN9w07M/c/01M0YDBPFD32BBH92ZD3JD2AB0
RsQCHAX1	https://liff.line.me/1654883387-DxN9w07M/c/01M0YD9Z0S9RMKJHMJGC9Z5F3J
zSArdFn	https://liff.line.me/1654883387-DxN9w07M/c/01M0YD7HYH0WB5012J48S74VZ7
qXJgkTI	https://liff.line.me/1654883387-DxN9w07M/c/01M0YD7EZ8FG6YVDX8E9AEE7RF
wQnsGbN	https://liff.line.me/1654883387-DxN9w07M/c/01M0YD4MQ5C93M4EMPSJ23K161
OW8V3OF	https://liff.line.me/1654883387-DxN9w07M/c/01M0YD3VRRF7VXYSYBE32JCWKP
VCgeEGN	https://liff.line.me/1654883387-DxN9w07M/c/01M0YCYH4NFMSKTNKQNT4T59SH
YY093fd	https://liff.line.me/1654883387-DxN9w07M/c/01M0YCVJ5RQA2Z6RCNDMMEHXSQ
o1RgS8q	https://liff.line.me/1654883387-DxN9w07M/c/01M0YKS53QKWRJB5PXWNKS15M9
tnp36hW	https://liff.line.me/1654883387-DxN9w07M/c/01M0YKYJXHHAHNYFX2V5S612KG
nGikFntS	https://liff.line.me/1654883387-DxN9w07M/c/01M0YM5JB3G76SBVFPWGSXPHGB
ufiWrfX	https://liff.line.me/1654883387-DxN9w07M/c/01M0YMC1M6WQREMJ8KN3G5H36Q
TEak2ba	https://liff.line.me/1654883387-DxN9w07M/c/01M0YMFWMRKXCAGA2284M3F6NS
tkvs2R4	https://liff.line.me/1654883387-DxN9w07M/c/01M0YMMW81T6S877QJF8PHT1CX
o2UyqHH	https://liff.line.me/1654883387-DxN9w07M/c/01M0YMR425JQ5VJ96JRHWQCQZC
96NCPQM	https://liff.line.me/1654883387-DxN9w07M/c/01M0YMVJZG95VD7KH2HVR8K7JG
UzR2ljE	https://liff.line.me/1654883387-DxN9w07M/c/01M0YMY8VA331D2V9SN7M02K18
SR4uIfA	https://liff.line.me/1654883387-DxN9w07M/c/01M0Y4C64MJAE6Z1V59MKA472Z
VBlLELk	https://liff.line.me/1654883387-DxN9w07M/c/01M0Y4CG6BJ0RKA07B8GAYVHX1
UpULXTP	https://liff.line.me/1654883387-DxN9w07M/c/01M0Y4ACTYXND5CKTR7E96XM2B
5zFKgpP	https://liff.line.me/1654883387-DxN9w07M/c/01M0Y4A1KM2FJKEJYGKMC28N7V
S4uOZ39	https://liff.line.me/1654883387-DxN9w07M/c/01M0Y49V1SD8WX0BY9XN9G2S62
sTP2QCw	https://liff.line.me/1654883387-DxN9w07M/c/01M0Y4DJ20253B9BH7Y639WNRV
yNH9nGh	https://liff.line.me/1654883387-DxN9w07M/c/01M0Y4B29K74Y74CNQ8HCZZ76J
yHG2AoXK	https://liff.line.me/1654883387-DxN9w07M/c/01M0Y4EYJGS02JY306YK2A2SJR
stOnQIN	https://liff.line.me/1654883387-DxN9w07M/c/01M0Y4DC1K514X9E4KKBHN8BY2
sFPY1KT	https://liff.line.me/1654883387-DxN9w07M/c/01M0Y48BPT72B7VJT1XT4ZWASD
wSSyb6O	https://liff.line.me/1654883387-DxN9w07M/c/01M0Y4BJSGC9K6B4283866C8G2
XeIJeWC	https://liff.line.me/1654883387-DxN9w07M/c/01M0Y42MYT6FZ4JF5TR2HTRKYP
n3TPmTn	https://liff.line.me/1654883387-DxN9w07M/c/01M0EXKX2E1TEFGPB3DR6ZEY7T
UICzg33	https://liff.line.me/1654883387-DxN9w07M/c/01M0EXP3ZQ9K1MTBJS5ASR3KY8
S1dOPWk	https://liff.line.me/1654883387-DxN9w07M/c/01M0EY1HYSKSDF2GK6V17X17NK
QjhI9MP	https://liff.line.me/1654883387-DxN9w07M/c/01M0EY3G7Q5S90G0BEFPNR8727
OtVbNFm	https://liff.line.me/1654883387-DxN9w07M/c/01M0EYA8NQ3N8NP6VEKT947X3T
pmfKR4L	https://liff.line.me/1654883387-DxN9w07M/c/01M0EYCA6QNJ8BX2Z0JJBHS2PM
zGvMqnX	https://liff.line.me/1654883387-DxN9w07M/c/01M0YS7TZMZPDETJH9Y2QS2RWC
pjDJ7QO	https://liff.line.me/1654883387-DxN9w07M/c/01M0YM12W49S79W4YRP6E0WG7N
nKCSoTk	https://liff.line.me/1654883387-DxN9w07M/c/01M0JDTBEWDPEZMNY0ZRDX000W
y9P4W2w	https://liff.line.me/1654883387-DxN9w07M/c/01M0JDHJ24VK99VHVRKNB0EGMS
XgQ7Frk	https://liff.line.me/1654883387-DxN9w07M/c/01M0W76VEW1CWA40FR533JAP0D
VHCI3nV	https://liff.line.me/1654883387-DxN9w07M/c/01M0W73H1E9QJNQ6J1MWDMK4PT
RusLNjiQ	https://liff.line.me/1654883387-DxN9w07M/c/01M0W6XQJSDXWJH5JRGAC3ZQRP
vXHogcq	https://liff.line.me/1654883387-DxN9w07M/c/01M0W6KYNFGHJQDSJYHH0XT49A
Wy5ANhK	https://liff.line.me/1654883387-DxN9w07M/c/01M0W6FE8TA5PGT9NQQRJBP8V0
PDuEWPU	https://liff.line.me/1654883387-DxN9w07M/c/01M0W6E4QQBNXAJ9VK71A9YD8G
z8SP0Fc	https://liff.line.me/1654883387-DxN9w07M/c/01M0W6CZG25TB5T553WW1CNXZQ
oFWfevv	https://liff.line.me/1654883387-DxN9w07M/c/01M0W6BC7F69V6K40VHEMMGT68
xXc9byqC	https://liff.line.me/1654883387-DxN9w07M/c/01M0YHV39M5WDDM0JX48D6G3PQ
qJ1UOcE	https://liff.line.me/1654883387-DxN9w07M/c/01M0YHYWFV07EXQRVC6S0RH391
uHV4RnV	https://liff.line.me/1654883387-DxN9w07M/c/01M0YJ0CHD2PBA0PN3XMXJ2GEC
ZtaDmqq	https://liff.line.me/1654883387-DxN9w07M/c/01M0YJ21H57N55R15M93PCPMAZ
rNcEPJi	https://liff.line.me/1654883387-DxN9w07M/c/01M10PVZDFCK6X75NVGA2Q0XQ8
x9GFgLdM	https://liff.line.me/1654883387-DxN9w07M/c/01M10PX9Q65FZNQSVH75JYWXSC
7L2ZwBZ	https://liff.line.me/1654883387-DxN9w07M/c/01M10T1P7WSSH4YPJ4D36HVFZS
Ndt9rS0	https://liff.line.me/1654883387-DxN9w07M/c/01M10T09SSAFSVBPEB19MPJ15J
WuDoM99	https://liff.line.me/1654883387-DxN9w07M/c/01M10SYQVJN8EQSFYV96YGTJ5G
NiUGZMC	https://liff.line.me/1654883387-DxN9w07M/c/01M10SWRV63RR9ZYQEQMK2KKHM
UrVGwEH	https://liff.line.me/1654883387-DxN9w07M/c/01M10SSX19KRRA7Z5Z3ZMFQH9E
9lWh4md	https://liff.line.me/1654883387-DxN9w07M/c/01M10S0TVSS339FGZ0X634ZJK6
Vcn8lNE	https://liff.line.me/1654883387-DxN9w07M/c/01M10SR7FGYJHAJCRDDACVPXWW
wWKv6iu	https://liff.line.me/1654883387-DxN9w07M/c/01M10RX4HCMW72M2YFHYY58V44
TYbeO2D	https://liff.line.me/1654883387-DxN9w07M/c/01M10S2RZK2N4NQAN5FK04NGY1
6Fhvtq5	https://liff.line.me/1654883387-DxN9w07M/c/01M10SP3DQ4AY1YF1CAX7VGCEV
57jq5sG	https://liff.line.me/1654883387-DxN9w07M/c/01M10YQC1H3TVJMA0QJV0Y7F6D
PMfRxsS	https://liff.line.me/1654883387-DxN9w07M/c/01M0F0AJGF606SG8AC4R03ZVAS
UJOyslk	https://liff.line.me/1654883387-DxN9w07M/c/01M0F0WA7CQ6Z8EDEHJPK1F5WX
Oya4wBN	https://liff.line.me/1654883387-DxN9w07M/c/01M0F0ZPH4AEVK1GCQV7CEP5ZK
XQtg8KH	https://liff.line.me/1654883387-DxN9w07M/c/01M0F13PQ76NRSC7C1889QHXGV
WHbtrMP	https://liff.line.me/1654883387-DxN9w07M/c/01M0F18GWT879XQ0Y078WG6VP7
W7a5GSM	https://liff.line.me/1654883387-DxN9w07M/c/01M0F1E17E7X6AV54NZQ9P8EXD
zpKVnDo	https://liff.line.me/1654883387-DxN9w07M/c/01M0YFGYV3RY3FH9435TYA3HQG
8yA5lm6	https://liff.line.me/1654883387-DxN9w07M/c/01M0YFKKFWXM6VHVRQA26GTBBD
7Dc5Y3x	https://liff.line.me/1654883387-DxN9w07M/c/01M0YFRFFDG2FWJ58BNDKFSY31
6dwXuN0	https://liff.line.me/1654883387-DxN9w07M/c/01M0YF45E6S9CCWZ8GCJPH3Q7E
nBfAH4d	https://liff.line.me/1654883387-DxN9w07M/c/01M0YEZQE54JE6WN7KMRXMMFRH
sxB3FS5	https://liff.line.me/1654883387-DxN9w07M/c/01M0YFDCCY8NN7AAPQHA95Q5B6
RxZbvrr	https://liff.line.me/1654883387-DxN9w07M/c/01M0YFBQRGC9ST206C0DNX338G
8V9g0ju	https://liff.line.me/1654883387-DxN9w07M/c/01M10ZGB6HQM3YCVPWRDMTR464
RzrueWr	https://liff.line.me/1654883387-DxN9w07M/c/01M0YJF7FRZM9ES4MAGAXJS477
n4lh588	https://liff.line.me/1654883387-DxN9w07M/c/01M0S5VQ9WD4KAY0MD708S719W
WJScw52	https://liff.line.me/1654883387-DxN9w07M/c/01M0S5YMJDTW77J0313JNS4Q5T
uWjWAo1	https://liff.line.me/1654883387-DxN9w07M/c/01M0S5HPS3X37P6N0E8SGCX0Z0
zx9seKT	https://liff.line.me/1654883387-DxN9w07M/c/01M0S2H6YV8NHTC2AV6JJ7TFGT
RdWwrdUn	https://liff.line.me/1654883387-DxN9w07M/c/01M0S3KENGWANM9KTX7XVFVYM5
XptkWBX	https://liff.line.me/1654883387-DxN9w07M/c/01M0S229CP6ZP6S0NKDK6Y96D8
uIAKrOm	https://liff.line.me/1654883387-DxN9w07M/c/01M0S5NE4N5MC706T7C06RHDG6
ybPJQ0u	https://liff.line.me/1654883387-DxN9w07M/c/01M0S3Q8BEX7GSF6XA3VHZGTHJ
rx77vSI	https://liff.line.me/1654883387-DxN9w07M/c/01M10XVX10SZQ6WAMF1RHVCKNM
qt4wA06	https://liff.line.me/1654883387-DxN9w07M/c/01M110D230PT9KM7JFNJV6JFPA
tn0jSx7	https://liff.line.me/1654883387-DxN9w07M/c/01M10ZW6QF0EXZZQFCJRK96PPT
x9ejtfu	https://liff.line.me/1654883387-DxN9w07M/c/01M0KRBQTP56614YPJRS6DX5A9
t5DzC6W	https://liff.line.me/1654883387-DxN9w07M/c/01M10ZZ2GQDNYGRAB96SZD7PJF
O6A5Qu4	https://liff.line.me/1654883387-DxN9w07M/c/01M110FMR9J21B8W5CHQA6VVAS
VwXtHSw	https://liff.line.me/1654883387-DxN9w07M/c/01M110BSSJ0TT20EW85Z0XQ9TE
yDuMJqF	https://liff.line.me/1654883387-DxN9w07M/c/01M110F968WR15R01K49W5MGN8
sjANMnS	https://liff.line.me/1654883387-DxN9w07M/c/01M110EV1HTG1WNP9TZQ8ERB9G
nlNO7zU	https://liff.line.me/1654883387-DxN9w07M/c/01M0KR49BNSN3FMNNF1SD610NV
uaBy3wh	https://liff.line.me/1654883387-DxN9w07M/c/01M110G0FWGAA8X3EF5QBT5DES
PIePz1a	https://liff.line.me/1654883387-DxN9w07M/c/01M0KR5J2KARDJ7KQAGDR8WQ8S
7wo6hoR	https://liff.line.me/1654883387-DxN9w07M/c/01M10ZZMHG16K7MWW4BK1MMWQZ
7pFR6OL	https://liff.line.me/1654883387-DxN9w07M/c/01M110EDRW275TF9A2M5DXGZQR
wBvFN2J	https://liff.line.me/1654883387-DxN9w07M/c/01M110E17SPWZYC49QTY0QE466
OnkeSxw	https://liff.line.me/1654883387-DxN9w07M/c/01M110DHSP7X9YSSPZVFPFM685
uiraH5M	https://liff.line.me/1654883387-DxN9w07M/c/01M110C6FHVGNB9YVTWB2YJR4N
yAnYvar	https://liff.line.me/1654883387-DxN9w07M/c/01M110CHB10WQ58RBAHA8C5NJZ
760o35A	https://liff.line.me/1654883387-DxN9w07M/c/01M0YCPQF71A3H27VT2CTX9C3M
5ElqgKur	https://liff.line.me/1654883387-DxN9w07M/c/01M0YD8VGKKJ7XGV35TEYP7NWF
sN6CwOV	https://liff.line.me/1654883387-DxN9w07M/c/01M0YD3BW694ZMNRGAR9YDT2DB
Qr85ude	https://liff.line.me/1654883387-DxN9w07M/c/01M0YD0B30CY095H8XPQET92XC
pRMKio6	https://liff.line.me/1654883387-DxN9w07M/c/01M0YD6MX51F99JT6SZDBSFDBH
o8Fl1ZP	https://liff.line.me/1654883387-DxN9w07M/c/01M0YC64APJDY6C1RW8GMXEE3Z
S1Hshg7	https://liff.line.me/1654883387-DxN9w07M/c/01M0YCW2ZXEZ29K5QEF7M46NK3
9HXGvi5l	https://liff.line.me/1654883387-DxN9w07M/c/01M116K79TRSYHM2BCZBESEBN1
XOfQ427	https://liff.line.me/1654883387-DxN9w07M/c/01M116DZC4SXMCGFBAPDXY00KB
6Z8wRa4	https://liff.line.me/1654883387-DxN9w07M/c/01M116V1H5BNMYDTHXFFJVY20C
v2OM6vl	https://liff.line.me/1654883387-DxN9w07M/c/01M116ZAVWYWG2DHKD9BQ5P7N0
5EBHBfm	https://liff.line.me/1654883387-DxN9w07M/c/01M116GBD6SK8F30B354WFMJ42
9hgwLla	https://liff.line.me/1654883387-DxN9w07M/c/01M116S4FPR25JKFRZAAPWVNXH
PoOO5Wd	https://liff.line.me/1654883387-DxN9w07M/c/01M10N0V18Z6F90K28J8YBKBZH
rbKefO7	https://liff.line.me/1654883387-DxN9w07M/c/01M0PVJR37YTJ6NRYJ9HPQ7YE7
XxiuZV7	https://liff.line.me/1654883387-DxN9w07M/c/01M0PV2NYMMJG4WMN2Z1ZENM9X
PFcrETG	https://liff.line.me/1654883387-DxN9w07M/c/01M0PVBZWQRWB4QDFS27FPNSP4
OpaV6iw	https://liff.line.me/1654883387-DxN9w07M/c/01M114KM5WKFGGBQEKJSZMK6R8
qBG4FaP	https://liff.line.me/1654883387-DxN9w07M/c/01M113FEVCXKXQZASDY4QAN5F0
pYB3npJf	https://liff.line.me/1654883387-DxN9w07M/c/01M115NG7GC1A9816Q3YHP7CHV
Y05Wj8Y	https://liff.line.me/1654883387-DxN9w07M/c/01M11315WEETJZ1C3DKZ562VHV
6AW4HFq	https://liff.line.me/1654883387-DxN9w07M/c/01M115EFHC72Z27SQ17HK1MSBY
VLh1vvg	https://liff.line.me/1654883387-DxN9w07M/c/01M113CAFX0FC9Z0WXP19HA4TW
zkA1diW	https://liff.line.me/1654883387-DxN9w07M/c/01M11555FTT7CDX1EZE2C831BP
Xg4XnVj	https://liff.line.me/1654883387-DxN9w07M/c/01M115J1TR8BFSQNCKKNX83K6K
QjRGGvY	https://liff.line.me/1654883387-DxN9w07M/c/01M114QY7ZMKPPVWH4SXH8VX3A
Qvbk3nN	https://liff.line.me/1654883387-DxN9w07M/c/01M1136Z2HR57KTR25H0ZYZJ98
8IIXGfM	https://liff.line.me/1654883387-DxN9w07M/c/01M113JDX1H46DDDW2GQZ5TREJ
wF4KXAF	https://liff.line.me/1654883387-DxN9w07M/c/01M113PDZNQQYJS4Y8648CKGBN
To1hX0R	https://liff.line.me/1654883387-DxN9w07M/c/01M1161FN9H1KE9AQ3JG0WNZ80
5l2uJTo	https://liff.line.me/1654883387-DxN9w07M/c/01M115VQVG2BFC349B2HX2372A
7c1CEKX	https://liff.line.me/1654883387-DxN9w07M/c/01M114VRMYW6569BJWZ8X62M5C
PGysA24	https://liff.line.me/1654883387-DxN9w07M/c/01M114ZB74KG258K34QFX4RB30
u0Y0AmI	https://liff.line.me/1654883387-DxN9w07M/c/01M0VZZ6S52WYNAHNT2ZYT62TQ
Rdm6dIG	https://liff.line.me/1654883387-DxN9w07M/c/01M0W030M1TBR779DFHGG6T2V1
UUQ68s0	https://liff.line.me/1654883387-DxN9w07M/c/01M0W05GYNMH7XP9MW4A1JTAYK
nfE6YpW	https://liff.line.me/1654883387-DxN9w07M/c/01M0W0953N8978R16RBHPH5VQE
ST2wbmi	https://liff.line.me/1654883387-DxN9w07M/c/01M0W0B75QYQ25770W1E067FQ9
wt7ZN3z	https://liff.line.me/1654883387-DxN9w07M/c/01M0W0CXR56HEN9WB095WTEWNB
7ZaToqn	https://liff.line.me/1654883387-DxN9w07M/c/01M0W0M32ZKSS8M64WHKBXTCF9
sfMgKmZ	https://liff.line.me/1654883387-DxN9w07M/c/01M10RN58VAZNGEDH7PQWSDR37
7CdsZLv	https://liff.line.me/1654883387-DxN9w07M/c/01M0W0Q5Z6FXFQ4WK8CYGAQD1Q
t4OJ2UN	https://liff.line.me/1654883387-DxN9w07M/c/01M0W16XC7CV0A2YKJ16XDEHEQ
qiV9cNm	https://liff.line.me/1654883387-DxN9w07M/c/01M0W18MAC3FAK2F5329X4G43B
xeNSl1i	https://liff.line.me/1654883387-DxN9w07M/c/01M0W1CBDPR7F0KRPN7T0CZ2PR
QptFYwJ	https://liff.line.me/1654883387-DxN9w07M/c/01M0Z1RAW1GTMN19WM41N23VAS
6Ug3BP7	https://liff.line.me/1654883387-DxN9w07M/c/01M0W1EYTDKDMRHR1JSAG9QGFP
7FKDLby	https://liff.line.me/1654883387-DxN9w07M/c/01M0W1GV0VKAB95HVM96WEAERM
ZoRMNno	https://liff.line.me/1654883387-DxN9w07M/c/01M11CBA85EJEQEZ22NWWS3Q51
PazsXZR	https://liff.line.me/1654883387-DxN9w07M/c/01M11AV099DY97YXDWP07M0WEF
W4i4zJG	https://liff.line.me/1654883387-DxN9w07M/c/01M11C3EC119HHKXQCHFEY675C
Udwwj2L	https://liff.line.me/1654883387-DxN9w07M/c/01M0S0G3DH6WNX5ZPT76HEP8FT
uBo4rvL	https://liff.line.me/1654883387-DxN9w07M/c/01M11C0MW77T8VG1K7F6Y9GGJ5
RqUsm85	https://liff.line.me/1654883387-DxN9w07M/c/01M11DMCSNDDSXE6HVP4GQGVH4
PWOHTju	https://liff.line.me/1654883387-DxN9w07M/c/01M11C5WCQH3E6YE4W5YXF7ZMY
tg1LB7K	https://liff.line.me/1654883387-DxN9w07M/c/01M11D9W33TGP73Q9Q87SXKP49
6v6rB8l	https://liff.line.me/1654883387-DxN9w07M/c/01M11CTWEY29SSTA1WPWJC13VJ
QQaFt8F	https://liff.line.me/1654883387-DxN9w07M/c/01M11C8EB7WNMVPEZ8NAH2J46Z
SsQcVGJ	https://liff.line.me/1654883387-DxN9w07M/c/01M11AZB1WF45M09SCBDJX7MZM
YJzAq52	https://liff.line.me/1654883387-DxN9w07M/c/01M0RYFQH5AHPKGF4YNNAE478B
p213YpN	https://liff.line.me/1654883387-DxN9w07M/c/01M11BRGBP1V8J4NAXDV5QQY0N
Wo4vwGH	https://liff.line.me/1654883387-DxN9w07M/c/01M11CG98RPZXA2FHXS34HST43
ukxITe9	https://liff.line.me/1654883387-DxN9w07M/c/01M11BMJB2VQVGBJQ1Z3NT5NFG
ppsPrIS4	https://liff.line.me/1654883387-DxN9w07M/c/01M11BV6AQXE4TJERTPY92MAHN
tBApiM8	https://liff.line.me/1654883387-DxN9w07M/c/01M11BGJZKA7HNAQ9EN0E1TRCJ
yuMDan0	https://liff.line.me/1654883387-DxN9w07M/c/01M11BXWRHPZEVP0Q6CR2H40A8
X2LfqUV	https://liff.line.me/1654883387-DxN9w07M/c/01M1103WENJCHMQ91XSKK5JB3Y
omF0FgC	https://liff.line.me/1654883387-DxN9w07M/c/01M1111NQ0FMDFVNWS4XQQYCVX
tYg9wIb	https://liff.line.me/1654883387-DxN9w07M/c/01M110ACF52YE98ABF6G6K66XC
tbARevuY	https://liff.line.me/1654883387-DxN9w07M/c/01M1115E6VTWE52542S7HMWTXN
RiAlVw2	https://liff.line.me/1654883387-DxN9w07M/c/01M110CCMDQBXDMZNEB8TPPVQR
VjVuOKz	https://liff.line.me/1654883387-DxN9w07M/c/01M110DXZY9AZZQ6JYRXR9XN56
W3iWsdI	https://liff.line.me/1654883387-DxN9w07M/c/01M110FJWT8RG6YQ8WSZ3K7N6Q
snLupZo	https://liff.line.me/1654883387-DxN9w07M/c/01M11069WR65C3V80J8RXX5RZC
w0xmLqC	https://liff.line.me/1654883387-DxN9w07M/c/01M1102B44S1BRMYC5JB18BXRN
Wa89sUG	https://liff.line.me/1654883387-DxN9w07M/c/01M110NQ4V7W7BTJKDJHQQKZWR
7PAip29	https://liff.line.me/1654883387-DxN9w07M/c/01M1113T1NP0S6SAQCDHV34SHS
RUJjSVC	https://liff.line.me/1654883387-DxN9w07M/c/01M110ZZCHSQSNXHXF84RBMFDK
6VmsizF	https://liff.line.me/1654883387-DxN9w07M/c/01M110V4ZJRBH1JB0FVDJFWF8Z
P7fw5aM	https://liff.line.me/1654883387-DxN9w07M/c/01M110S25HHXTXZ4AM7A5C4CG5
XTgMC8r	https://liff.line.me/1654883387-DxN9w07M/c/01M10ZZV157K9HGSEMNWDYP1H5
PLQYVpm	https://liff.line.me/1654883387-DxN9w07M/c/01M110XXPGFRA9Z37B2TTB3BDJ
5Ke8LGi	https://liff.line.me/1654883387-DxN9w07M/c/01M1108Z9FH5MZ0190PF5WJVZE
xXegem6	https://liff.line.me/1654883387-DxN9w07M/c/01M110GTK1566A0QGRFZHQT40Y
xejG4ag	https://liff.line.me/1654883387-DxN9w07M/c/01M0YNCZA827ZVFAFX2DPNPVA2
6Xmqwex	https://liff.line.me/1654883387-DxN9w07M/c/01M0YNNVHYJETK865DNKPTMJMD
sGmIqhI	https://liff.line.me/1654883387-DxN9w07M/c/01M0YMS5KBZCRD7XXXMN9S0EY8
OcW8qBt	https://liff.line.me/1654883387-DxN9w07M/c/01M0YQ6PXDA5SXXV15B2JRPJ99
9va1Ept	https://liff.line.me/1654883387-DxN9w07M/c/01M0YMNP9WNWZ4BWX5TAJVXX1V
RywHgiK	https://liff.line.me/1654883387-DxN9w07M/c/01M0YNJ0X5A2KS6H26KHZDR4CQ
q6IRMoJ	https://liff.line.me/1654883387-DxN9w07M/c/01M0YMJT074CY8WRT5NNKQFY8F
v8H81Hp	https://liff.line.me/1654883387-DxN9w07M/c/01M0YMF22PQYKG092HHBDZ5AKX
pmUV4F5	https://liff.line.me/1654883387-DxN9w07M/c/01M1144Z6DBS2T6JPFN6V3KFAX
rTUxOCT	https://liff.line.me/1654883387-DxN9w07M/c/01M0YN3R5BZCKTDG7MN17V0PJR
NAuyK4O	https://liff.line.me/1654883387-DxN9w07M/c/01M0YPXN6ZCTJNAVZZJ9D0X8B8
OrDhGF5	https://liff.line.me/1654883387-DxN9w07M/c/01M0YM9NZN32XGH2FQRW6RWGE6
9d8fh4t	https://liff.line.me/1654883387-DxN9w07M/c/01M0YM0RAQN2XW967N1WQCN2VS
qOCGbo8	https://liff.line.me/1654883387-DxN9w07M/c/01M0YQ36S0JVASC3E8Q63PPGPT
WhA1YMF	https://liff.line.me/1654883387-DxN9w07M/c/01M0YN0H8YWJRDNHR52SN4WS0Q
7cQpFng	https://liff.line.me/1654883387-DxN9w07M/c/01M0YMW3RY60EPP74B5ZQEZKGR
6TBJaAM	https://liff.line.me/1654883387-DxN9w07M/c/01M0YMYFNZFG7DJ9BRXXB4JSEG
WQncIAy	https://liff.line.me/1654883387-DxN9w07M/c/01M0YN9RAH7EKHZJ2D9J8QC5EY
SzdgXPy	https://liff.line.me/1654883387-DxN9w07M/c/01M0YN6HZ2R3SWBHT35KTETCMQ
ucvku4S	https://liff.line.me/1654883387-DxN9w07M/c/01M114WDHKK69KBDMERWD24ZNG
SsUhlWr	https://liff.line.me/1654883387-DxN9w07M/c/01M114AFXK7HF46T7MHYDNRE5Y
uDpZ8v4	https://liff.line.me/1654883387-DxN9w07M/c/01M114PN7ZW33FSP331Y8SW98C
UmYEl95	https://liff.line.me/1654883387-DxN9w07M/c/01M1133CMZ4R13B75KG748GMSY
8nPSdB1	https://liff.line.me/1654883387-DxN9w07M/c/01M11471NDMQCQVW05ND1R9GJZ
y2J0AiP	https://liff.line.me/1654883387-DxN9w07M/c/01M112V29M545ZJJFHS4V1PE1X
YmjmECE	https://liff.line.me/1654883387-DxN9w07M/c/01M11DXRCC12QWAJVW720K7AK6
6j8mCc5	https://liff.line.me/1654883387-DxN9w07M/c/01M113BA370YXB341Q3BG9E2KY
xqcKGmu	https://liff.line.me/1654883387-DxN9w07M/c/01M114JJC4ZSEZPHFC5RG51330
tEjd49I	https://liff.line.me/1654883387-DxN9w07M/c/01M1143PHKMX15GGAGD9AJH311
nchP1ZV	https://liff.line.me/1654883387-DxN9w07M/c/01M114E3BE3ME8BR25X2SCKTFY
7gn97Qyz	https://liff.line.me/1654883387-DxN9w07M/c/01M113RQ22KCXY9EYXGS7JQ076
saXyX60	https://liff.line.me/1654883387-DxN9w07M/c/01M11D0KAYXSFCZWV77PDSF12Z
5nCAF4M	https://liff.line.me/1654883387-DxN9w07M/c/01M113EKZXTJBB5QM2XVPMH0TM
qCTsbtq	https://liff.line.me/1654883387-DxN9w07M/c/01M113MWB4QGTD0QJFQJ1HXEA5
PhOtSKEG	https://liff.line.me/1654883387-DxN9w07M/c/01M11AAZT99ZC9H00E0XVGE40V
zFd3qWy	https://liff.line.me/1654883387-DxN9w07M/c/01M117SAW0X2M3CVPVZSPX3BR3
5l8fVzY	https://liff.line.me/1654883387-DxN9w07M/c/01M11AA4B2GYHW5XCQATGY8DB3
pueRSPm	https://liff.line.me/1654883387-DxN9w07M/c/01M11A8VG1Z1D2FB1HZBR4PD7Y
P7n3srI	https://liff.line.me/1654883387-DxN9w07M/c/01M117X5WDAXVBJFPT3NQMMAJQ
U23PQUH	https://liff.line.me/1654883387-DxN9w07M/c/01M11AZE7QC37ABVYRT6JAHGSH
y9T89gG	https://liff.line.me/1654883387-DxN9w07M/c/01M11AQC3K6FD2B8T2SBWGVFPM
xElEriuv	https://liff.line.me/1654883387-DxN9w07M/c/01M11DB3KEWHE1MRRDVMRQSJZF
ZNECVAe	https://liff.line.me/1654883387-DxN9w07M/c/01M0Y12AC2C1JM6CC4YQ14ZP5J
yOvvsVK	https://liff.line.me/1654883387-DxN9w07M/c/01M0Y0ZT6FZW4EQHYJ1WC098WY
RJdDWRk	https://liff.line.me/1654883387-DxN9w07M/c/01M0Y11GS6G3RC2GQ4WV023GNV
NXpwWvL	https://liff.line.me/1654883387-DxN9w07M/c/01M0Y16C3F27VQNF9CBCP90ABN
5XlGjqt	https://liff.line.me/1654883387-DxN9w07M/c/01M0Y10QF1WZKTHKZE62MD59TA
uoKpTEl	https://liff.line.me/1654883387-DxN9w07M/c/01M0Y15F55RP54CFJ92JW1EEQ2
PZwM3hv	https://liff.line.me/1654883387-DxN9w07M/c/01M1121XKDGEZN91FRYA451WKM
vsY1yZCk	https://liff.line.me/1654883387-DxN9w07M/c/01M0FHY7YS59MZZR9NGNHWSKSQ
nQgavSq	https://liff.line.me/1654883387-DxN9w07M/c/01M112AP27BB7A0BKS8GZFRKXH
XIt0quy	https://liff.line.me/1654883387-DxN9w07M/c/01M0FGF0BPQZFSB0P9VJHTCXY9
yO5HQJY	https://liff.line.me/1654883387-DxN9w07M/c/01M0W04CGZF9Y60JWR94Q8EDVM
tgSQ16I	https://liff.line.me/1654883387-DxN9w07M/c/01M0W00JKB5CYRYQAYCQP5QH1H
yqDYC8F	https://liff.line.me/1654883387-DxN9w07M/c/01M10K75BH39DEZWXQDW6W1ANY
WlkvAUb	https://liff.line.me/1654883387-DxN9w07M/c/01M0W0HM70NQBXMFERDVQ0W1V2
YxSiUzQ	https://liff.line.me/1654883387-DxN9w07M/c/01M0W087HFFMPX1W3ATF2FPWZ1
XTB9gUM	https://liff.line.me/1654883387-DxN9w07M/c/01M0W0EX8YSJ8CA1XA1GVKWP5G
uqGwU7k	https://liff.line.me/1654883387-DxN9w07M/c/01M0VZST9K7VAPRV5TC360VG7A
zqUwsPd	https://liff.line.me/1654883387-DxN9w07M/c/01M0W5KXXXT02XHH9RNTXTB4JA
UXHrX2B	https://liff.line.me/1654883387-DxN9w07M/c/01M0W0S40JGTWR5Z3H2XBRE1N3
TxHbFEz	https://liff.line.me/1654883387-DxN9w07M/c/01M0W0MTC470A9G44GKM3YGET1
PZoWf4N	https://liff.line.me/1654883387-DxN9w07M/c/01M0W0BT1FYYY2ZYK6R66WK8TY
qTQz1ei	https://liff.line.me/1654883387-DxN9w07M/c/01M1151SC2QR58YY2H59Q2NSPP
NiixCsHK	https://liff.line.me/1654883387-DxN9w07M/c/01M1146W6CH15ETRZW96DH3W9R
wxWzgGC	https://liff.line.me/1654883387-DxN9w07M/c/01M114N63FH89GMWMHYZ0DYBHH
S1v2vw5	https://liff.line.me/1654883387-DxN9w07M/c/01M1140AZS24PJTH9QD80T43KK
t58dMIJ	https://liff.line.me/1654883387-DxN9w07M/c/01M114AGMWJC7KS4WDX5Y1S9E8
WxXWXvZ	https://liff.line.me/1654883387-DxN9w07M/c/01M1143SRXVHDKD5V9GJPVA776
u3f7OTL	https://liff.line.me/1654883387-DxN9w07M/c/01M114Y5N7990W67XA2VB4WYTB
U0PgSDH	https://liff.line.me/1654883387-DxN9w07M/c/01M114CMF4G50FRBHHPMBHQFVA
teBbPGH	https://liff.line.me/1654883387-DxN9w07M/c/01M114EJF3AAAKMEKVQ7DZV16J
WwhexSJ	https://liff.line.me/1654883387-DxN9w07M/c/01M11EDGA3SA6B5X5GZP18FRYK
ZObGgAg	https://liff.line.me/1654883387-DxN9w07M/c/01M11E66BEJAWV9578W4HMPAJ9
oAUbdUO	https://liff.line.me/1654883387-DxN9w07M/c/01M11E7N4W8TG8HA0GVNNV1QHA
s6BrZTU	https://liff.line.me/1654883387-DxN9w07M/c/01M11E9RYG69J61FE9NT0DWPF7
wjMbtyi	https://liff.line.me/1654883387-DxN9w07M/c/01M0YE8P2WKXKSEKJV1K5EPAWT
VUAJFyz	https://liff.line.me/1654883387-DxN9w07M/c/01M0YEDDRXB51C00AEAAS4JKRB
plOYnD0	https://liff.line.me/1654883387-DxN9w07M/c/01M0YEHN77FAEAVVBC5WDSWKB0
X0tCAvI	https://liff.line.me/1654883387-DxN9w07M/c/01M0YEK6ZYV849QZFJGDKJDMCF
u0GANHK	https://liff.line.me/1654883387-DxN9w07M/c/01M0YEMWA2JDEZJQF4A7S7B1DN
v6Df1dK	https://liff.line.me/1654883387-DxN9w07M/c/01M0YFBKY22EGWVA50PSDK49VC
sDRDXsw	https://liff.line.me/1654883387-DxN9w07M/c/01M0YF2E4TXSRDBKCAY243AP80
X2qeHZR	https://liff.line.me/1654883387-DxN9w07M/c/01M0YF6BABPN5WK4HJM31905XA
wmcRagn	https://liff.line.me/1654883387-DxN9w07M/c/01M0YFQ1Z70EPKBH3A8X1PYF7M
qYlXm8r	https://liff.line.me/1654883387-DxN9w07M/c/01M0YFMXP17NK6M7TWA47TTMN4
sXZYSWK	https://liff.line.me/1654883387-DxN9w07M/c/01M0YDQV6NCCSPG16W5XP89RJM
R6sbF7F	https://liff.line.me/1654883387-DxN9w07M/c/01M0YDWRVGXJT1RJX2BVGPFPFF
5UQ9GzU	https://liff.line.me/1654883387-DxN9w07M/c/01M0YDM62AM9KM1FSZGFYHRBA5
Wtp9AQW	https://liff.line.me/1654883387-DxN9w07M/c/01M0YEP9ANEH67T44J2JYAV0DV
pUiKS7n	https://liff.line.me/1654883387-DxN9w07M/c/01M118W130CTHS136205B98ZX0
RYuZh5H	https://liff.line.me/1654883387-DxN9w07M/c/01M0YFST3N4KV44Y7EHMWBR1FN
X8zxJ0Bs	https://liff.line.me/1654883387-DxN9w07M/c/01M0YE37Z8QD9TNH8NP8F1EYGK
8yFmCkm	https://liff.line.me/1654883387-DxN9w07M/c/01M0YE1NXNS3QD0Z92B2V4KDXV
oMXVmxD	https://liff.line.me/1654883387-DxN9w07M/c/01M0YE4NKJ2954QYN5VBQKBWMT
ptDwAc3	https://liff.line.me/1654883387-DxN9w07M/c/01M0YEBVX41Y2JDTJGJ3QQNB7J
xgFmJPXz	https://liff.line.me/1654883387-DxN9w07M/c/01M0YFDVS75GB8V7QA9S4EHXK2
7tvz4ay	https://liff.line.me/1654883387-DxN9w07M/c/01M10JQKQ6HZMFDYGZBCVTK9H9
NogiHFe	https://liff.line.me/1654883387-DxN9w07M/c/01M10JRW9DKRCX343SEWPDDGCK
Vy6fpBO	https://liff.line.me/1654883387-DxN9w07M/c/01M10JP468XPN9NZPGDB8QF7QV
Tsf3qzM	https://liff.line.me/1654883387-DxN9w07M/c/01M119E95N6BAKJH85DWYRN3Y3
X0iqskqS	https://liff.line.me/1654883387-DxN9w07M/c/01M119GJTVGCVFZ60ZJG6E1EXK
WmNoUHa	https://liff.line.me/1654883387-DxN9w07M/c/01M119JCCE7C5MAW3B1H1X38TH
qgD1PMc	https://liff.line.me/1654883387-DxN9w07M/c/01M1198KFCSASP2WXR7AFEHA3Z
WCfm9dX	https://liff.line.me/1654883387-DxN9w07M/c/01M119RDEQM9058V880YQT9641
RpJPUZw	https://liff.line.me/1654883387-DxN9w07M/c/01M119T88SCFBKYYVWPVB2ZE34
6EgSqUS	https://liff.line.me/1654883387-DxN9w07M/c/01M119W6MRDKVNJCRSTF2HX2SK
o9jTJmJ	https://liff.line.me/1654883387-DxN9w07M/c/01M118ZM7X00X943A0JWB86MM9
OiJG4ER	https://liff.line.me/1654883387-DxN9w07M/c/01M118XJEHYFY3SKSBEB14HFX1
PRItKmN	https://liff.line.me/1654883387-DxN9w07M/c/01M118SEPADK8VMHEKPB9BN6ER
Z9pnKPO	https://liff.line.me/1654883387-DxN9w07M/c/01M0YQGJDBCX4ZQVDQP5SPYP62
SZ10LFe	https://liff.line.me/1654883387-DxN9w07M/c/01M0PRX80BJVAN9ZJ2008N8MCA
xeZBWXX	https://liff.line.me/1654883387-DxN9w07M/c/01M0PWC0CHHRB3EF27F9CYR9RC
upXF1Qv	https://liff.line.me/1654883387-DxN9w07M/c/01M0PTE503SFWNR27XJFDHFFN3
PHR7Ezs	https://liff.line.me/1654883387-DxN9w07M/c/01M0PTPAQ84S6YQAZQPZ06S4VK
tf7TuZU	https://liff.line.me/1654883387-DxN9w07M/c/01M0PVFHXPSPTKEV9GMSHNW2CN
pWPSx2t	https://liff.line.me/1654883387-DxN9w07M/c/01M0PV3D7XC3RBYGP3A1AX5AV9
TLoW8e6	https://liff.line.me/1654883387-DxN9w07M/c/01M0YQMMY97P4RV52JYB6WEN5C
YBVrhAsv	https://liff.line.me/1654883387-DxN9w07M/c/01M0PT7S7BGZYXMPYSR86K7M7Y
8wN1IHF	https://liff.line.me/1654883387-DxN9w07M/c/01M0PW6VGTZ0F5J8KTJVRVPJWM
XNK33sO	https://liff.line.me/1654883387-DxN9w07M/c/01M0PVZAYPCFW38HSE5CTES463
QAYR2sw	https://liff.line.me/1654883387-DxN9w07M/c/01M0PVVD0N6TDQFCWPFAX0CM12
SMfKXdM	https://liff.line.me/1654883387-DxN9w07M/c/01M0PVQXC7HA3ERVKYSTFRPRAQ
xtZieLE	https://liff.line.me/1654883387-DxN9w07M/c/01M0PVKPNE6BKDPR4EH46T82QM
8Nu8BLy	https://liff.line.me/1654883387-DxN9w07M/c/01M0PTJCZN4PC6KVVM78W4WWVZ
StHF8FL	https://liff.line.me/1654883387-DxN9w07M/c/01M0PSRSGBAP1615AZ79SBQQ57
zPxXYZo	https://liff.line.me/1654883387-DxN9w07M/c/01M0HQWKFWHCBWRMBAVY2BM6WE
sgSwGMh	https://liff.line.me/1654883387-DxN9w07M/c/01M0HQD1GAPS04324E59GFRQND
q3VeTKK	https://liff.line.me/1654883387-DxN9w07M/c/01M0HQKXWN9SVCV1CF11PYHM4V
WOWijgj	https://liff.line.me/1654883387-DxN9w07M/c/01M0HT4NRGVZVM0XECM4GZNZM9
SL3z1FN	https://liff.line.me/1654883387-DxN9w07M/c/01M0W15DEK5QSV5EF8WXTTNT7D
YvJAEm5s	https://liff.line.me/1654883387-DxN9w07M/c/01M0HPQ815187Y7J9Y9R3A3A4B
ngtZdnu	https://liff.line.me/1654883387-DxN9w07M/c/01M0HPZKW5H2SKRKGBTNYRTNHQ
5X4mH1e	https://liff.line.me/1654883387-DxN9w07M/c/01M0HSVT7Q5R2FREFCFFEDKASV
rHpbeNA	https://liff.line.me/1654883387-DxN9w07M/c/01M0HQZVR7DBQ934V8TFVAGZFX
wqyUGB7	https://liff.line.me/1654883387-DxN9w07M/c/01M0HR1VD7SZRY6YJTFGWPYEJF
swdRm0nJ	https://liff.line.me/1654883387-DxN9w07M/c/01M10ZQV0CSG0MAC6C8X41E16B
QFBHsVj	https://liff.line.me/1654883387-DxN9w07M/c/01M10ZVY0QRBVKFV6WMCEWCHJZ
onMd6bs	https://liff.line.me/1654883387-DxN9w07M/c/01M10ZYDARTCDSCA4PNWGSJ9KW
npWMFCT	https://liff.line.me/1654883387-DxN9w07M/c/01M110092M1W5J8KDFJ6Y9E690
xgwuTzI	https://liff.line.me/1654883387-DxN9w07M/c/01M1101GGRYMCXK2NQCTT34T5Z
OETksPz	https://liff.line.me/1654883387-DxN9w07M/c/01M11031PDNYH0WV0AJPG56JSA
5SbbFz3	https://liff.line.me/1654883387-DxN9w07M/c/01M1105KCPSX8TKRTMJDYQ887Y
NaSXCax	https://liff.line.me/1654883387-DxN9w07M/c/01M11086PRR613H1RXF8P3FFE5
8MBpgBk	https://liff.line.me/1654883387-DxN9w07M/c/01M114HBZ5NWX421RSPTG45ZTJ
vKSysQe	https://liff.line.me/1654883387-DxN9w07M/c/01M114F2NPG9QGNHT171Q8E436
9CnBTJZ	https://liff.line.me/1654883387-DxN9w07M/c/01M1149SSRZR579DV6KF59KNGY
QKy5qn7	https://liff.line.me/1654883387-DxN9w07M/c/01M11A02H0PX5VK7HHZS0G8SNT
PzRjMLL	https://liff.line.me/1654883387-DxN9w07M/c/01M11A6JYMZS4BYQR0BBZZHSM1
roNvWF1	https://liff.line.me/1654883387-DxN9w07M/c/01M119RZY56D6SMHTV4THWZN4Z
vBSvCHb	https://liff.line.me/1654883387-DxN9w07M/c/01M11A25GKG9A3NCAFF9DED2FY
vRy7Kmb	https://liff.line.me/1654883387-DxN9w07M/c/01M119QFFNZYG17A392SAKAYVW
WrnejoZ	https://liff.line.me/1654883387-DxN9w07M/c/01M11A4AHQAWYE1P7JVNWEK16V
pbZhX9A	https://liff.line.me/1654883387-DxN9w07M/c/01M119MYRPBFAB09DPYAR1V1YN
5JE24Ce	https://liff.line.me/1654883387-DxN9w07M/c/01M119K6HG19YGK8DMQZ5VXE3D
TiVMoAc	https://liff.line.me/1654883387-DxN9w07M/c/01M114CJAM5N61X5ZMWRVMPR96
p1ae3r1	https://liff.line.me/1654883387-DxN9w07M/c/01M1130RHTW95YKDYGCF9ZVC57
rmqmcJK	https://liff.line.me/1654883387-DxN9w07M/c/01M113PAXT91JXJ67YH0J9MZ2W
TZt71nw	https://liff.line.me/1654883387-DxN9w07M/c/01M114HZGGGGC9FNDTQZ69ZM65
qrLVL4d	https://liff.line.me/1654883387-DxN9w07M/c/01M113CCFM8DY9Y6J4X416BA31
sIwKwXDU	https://liff.line.me/1654883387-DxN9w07M/c/01M112XD0XVRR0RTR4RG71KW16
qO377rA	https://liff.line.me/1654883387-DxN9w07M/c/01M113JB08YQVEYYZ5F4WWRZRK
OTcb95I	https://liff.line.me/1654883387-DxN9w07M/c/01M113STRJX9Y19DRPWV7G4DK8
xbiVtHb	https://liff.line.me/1654883387-DxN9w07M/c/01M112KQJTCKXVQGBSJJM807V6
6JxC0z7	https://liff.line.me/1654883387-DxN9w07M/c/01M112SJNHPM2YYKYDW5EC7XXM
Yu0oI9O	https://liff.line.me/1654883387-DxN9w07M/c/01M11JHT896PMTQRHVRY8C1WA4
xxBXwm8	https://liff.line.me/1654883387-DxN9w07M/c/01M11JTKRQ6K01KWRZTCCHJ0C6
VsLOyOe	https://liff.line.me/1654883387-DxN9w07M/c/01M11JPE54W147WD8SXKZ5Q27N
XPI38YQE	https://liff.line.me/1654883387-DxN9w07M/c/01M11JXGKQJXSD1F4M1NKRGX67
xheASvX	https://liff.line.me/1654883387-DxN9w07M/c/01M0SF1TYZ5Q40MMXD099TRTE4
seyqhlS	https://liff.line.me/1654883387-DxN9w07M/c/01M0SEQ4KM9A8V7HJ95J6XY671
UwnH92e	https://liff.line.me/1654883387-DxN9w07M/c/01M0Q6DMWP0FW95E9JK7EBD2J8
p1SwEvf	https://liff.line.me/1654883387-DxN9w07M/c/01M0SFT80D60WYHFE4T0GWE992
pkDSIq5	https://liff.line.me/1654883387-DxN9w07M/c/01M0Q5MN3T0KRSW7M143ETCQE0
R6VQbEl	https://liff.line.me/1654883387-DxN9w07M/c/01M0Q5F627Y9EDNB19A1H66FG0
rNAmAgV	https://liff.line.me/1654883387-DxN9w07M/c/01M0MT0H4N5HZRPWDY551DJX8A
qTLQJZR	https://liff.line.me/1654883387-DxN9w07M/c/01M11JW4PJSPZSCR5VF9G9C9P5
Y3gWQVr	https://liff.line.me/1654883387-DxN9w07M/c/01M0MRHSZMJ3J5BA68RJ1PDTG1
6pTWBQKN	https://liff.line.me/1654883387-DxN9w07M/c/01M0SEE0CE40H7Z16F366PXFK8
sSNr3M8	https://liff.line.me/1654883387-DxN9w07M/c/01M0MSXVS6WR8X2DBFYQYKQJN2
z7kLKuv6	https://liff.line.me/1654883387-DxN9w07M/c/01M0MQQNCEF3R0NDG4NJY4RCJJ
s8ZDxf1	https://liff.line.me/1654883387-DxN9w07M/c/01M0SFS6H0VJKAGJ1XJNGBCZXV
nno3V7j	https://liff.line.me/1654883387-DxN9w07M/c/01M0MSFAJVM4AJK0FG7097J54A
XjabcZaU	https://liff.line.me/1654883387-DxN9w07M/c/01M0MR85V4CDCGZ607MS4SBWQ1
PtcBTDnb	https://liff.line.me/1654883387-DxN9w07M/c/01M0MSAWKABHWHH0BRAD4Y5A6G
nhavyh4	https://liff.line.me/1654883387-DxN9w07M/c/01M0MRZG7AF18WTS7XVHKD4PP8
8PXerlh	https://liff.line.me/1654883387-DxN9w07M/c/01M0MRPT1KXATDEE514VDNC69B
5mYI87f	https://liff.line.me/1654883387-DxN9w07M/c/01M0MSK6K802Y40Q3DM0670FHS
TsnvZ4M	https://liff.line.me/1654883387-DxN9w07M/c/01M0MSV26PS0A830VN90RB1XE6
qcpfI4D	https://liff.line.me/1654883387-DxN9w07M/c/01M0MSQ543Z9YC8Z9B87MKNJYS
6P88wlg	https://liff.line.me/1654883387-DxN9w07M/c/01M0D00Y0H4RRS35QYMXKQESMZ
8K7fqBn	https://liff.line.me/1654883387-DxN9w07M/c/01M0D03HSKMB0VXM44S14FK4M0
rQivEfl	https://liff.line.me/1654883387-DxN9w07M/c/01M0D05TZ78VKHNS90BY4PKT46
NMSECJv	https://liff.line.me/1654883387-DxN9w07M/c/01M0W12WWDCS1PR6RX05Y1J8R2
te0zeQM	https://liff.line.me/1654883387-DxN9w07M/c/01M0W15EVB619YGRPGX53S2ST4
NQngBdu	https://liff.line.me/1654883387-DxN9w07M/c/01M0W17A0MDZDBW0X9M3GFYKKJ
wjNb17d	https://liff.line.me/1654883387-DxN9w07M/c/01M0W1AX7NW8PPKRB0HBT7ZNHK
x03sqRv	https://liff.line.me/1654883387-DxN9w07M/c/01M0W1CF67Q62RYK1V3F3GV19V
NE7Dwl7u	https://liff.line.me/1654883387-DxN9w07M/c/01M0W1NSMSN8RE0E3MX48S0Q93
5OBDlmX	https://liff.line.me/1654883387-DxN9w07M/c/01M0W1T8ZB6WB6BB80W49BBJM9
UrgNP13	https://liff.line.me/1654883387-DxN9w07M/c/01M114RZ1SNMM6W5S9TYW1XCKK
vHQ8iOD	https://liff.line.me/1654883387-DxN9w07M/c/01M1151BMXEW704BA960MMR5BJ
Zt7J2Pn	https://liff.line.me/1654883387-DxN9w07M/c/01M1176SHSSMDBQPGY6V9YQNQV
pcVXTlD	https://liff.line.me/1654883387-DxN9w07M/c/01M117FSCNBXGNHX3EZZ2VR8SN
oBvdgWL	https://liff.line.me/1654883387-DxN9w07M/c/01M116DW7P4XE7PAXG1PPGMGJY
VhXG0yz	https://liff.line.me/1654883387-DxN9w07M/c/01M1185KH7NKF1G973XK24W3MX
wEbR0Q7	https://liff.line.me/1654883387-DxN9w07M/c/01M1188PEYEGTN5ZP9E926VF8Q
xbP7QB9	https://liff.line.me/1654883387-DxN9w07M/c/01M11FM2AN36N9C7RT036WPAN7
obS4tF3	https://liff.line.me/1654883387-DxN9w07M/c/01M11GGB0YTN5ZS9YYQZ5X5ZRQ
X0df3S4	https://liff.line.me/1654883387-DxN9w07M/c/01M11FBTBW93B3CV2H6E0H847V
n5ZBe5gQ	https://liff.line.me/1654883387-DxN9w07M/c/01M11GJE59YMHMH425Y9NZB2SW
pvB0Zas	https://liff.line.me/1654883387-DxN9w07M/c/01M11FHMGN690YYPCN4ZGDCCTA
uw10pD2	https://liff.line.me/1654883387-DxN9w07M/c/01M11FX3GKJGCSSJFS64SHE3AP
TNl3ZG	FAIL
7NGpezL	https://liff.line.me/1654883387-DxN9w07M/c/01M11FVE83MXGJ7R3ZC0A4KTX6
unkvnsc	https://liff.line.me/1654883387-DxN9w07M/c/01M11GPBHAZJ57J438H80EKF4G
VeUYbMY	https://liff.line.me/1654883387-DxN9w07M/c/01M11GY6MNW2102MQ46WX33VY0
sDQaukT	https://liff.line.me/1654883387-DxN9w07M/c/01M11GMFVSQ7H9C4ZG5W64EM0P
oTNqYqz	https://liff.line.me/1654883387-DxN9w07M/c/01M11F90MGFRNZKT468ZT7W444
zMWwj3Q	https://liff.line.me/1654883387-DxN9w07M/c/01M11FSESF5ZFQWQE6NW6YAYVZ
NSFjbEB	https://liff.line.me/1654883387-DxN9w07M/c/01M11F741GH9X3S1XKM26BJG60
omR87tZ	https://liff.line.me/1654883387-DxN9w07M/c/01M11F1CGP8T29EQJ2GP6CTZ4W
V5IUl3P	https://liff.line.me/1654883387-DxN9w07M/c/01M0Y69TEFF3GGXF1S6G9CWVY1
6US88tT	https://liff.line.me/1654883387-DxN9w07M/c/01M0Y68JQHT2REYAVY4834QV4K
rh0zq82	https://liff.line.me/1654883387-DxN9w07M/c/01M0Y67KAR087FSDBE2K2THYCA
z5n3oDz	https://liff.line.me/1654883387-DxN9w07M/c/01M0Y6B794V0K9R63JJN22CCTK
z42P5zT	https://liff.line.me/1654883387-DxN9w07M/c/01M0Y6DBD879CSDSJP75XQ7TRX
6Gyyz4xE	https://liff.line.me/1654883387-DxN9w07M/c/01M0Y6ENJH4K9R5QJVDJB3K99M
V1zj0WQ	https://liff.line.me/1654883387-DxN9w07M/c/01M0Y6FW69DKWASQFS7MC362PJ
YQlvTpD	https://liff.line.me/1654883387-DxN9w07M/c/01M0ZA4B9BG31K12ESARTCD3AS
u13SL4J	https://liff.line.me/1654883387-DxN9w07M/c/01M0Z9RKAFQ25BYSAK8X512X4W
tUtWFNA	https://liff.line.me/1654883387-DxN9w07M/c/01M0Z980QRWY1HX6BRNPFYH3NA
SSHiqnA	https://liff.line.me/1654883387-DxN9w07M/c/01M0Z806SFBGKESF9N1GYQWCDN
7lVBHjH	https://liff.line.me/1654883387-DxN9w07M/c/01M11S7XQT12E4VYEEC7KTZHG4
sUMrtwD	https://liff.line.me/1654883387-DxN9w07M/c/01M11T42ZXZZDBF2GA1C7HQFME
rsKjfva	https://liff.line.me/1654883387-DxN9w07M/c/01M11TGVED7RSM1QGPVDVEV855
7E0kktq	https://liff.line.me/1654883387-DxN9w07M/c/01M11TZYRG6GGT0GQV7GPEPH5J
5Z11gMU	https://liff.line.me/1654883387-DxN9w07M/c/01M11VG0VH28BEADD9YQQXB0CK
52gKflo	https://liff.line.me/1654883387-DxN9w07M/c/01M11XZR99S2DKE74DMWNKA4A5
s91f6im	https://liff.line.me/1654883387-DxN9w07M/c/01M11YD603NPKW54JPSMFSGB8Q
t5Q7JZ4	https://liff.line.me/1654883387-DxN9w07M/c/01M11YMEGH2WAQXQKTTV4BAB96
5o6OXHo	https://liff.line.me/1654883387-DxN9w07M/c/01M11Z296JMS17RYNEQ6PFMRZT
WVbuaxc	https://liff.line.me/1654883387-DxN9w07M/c/01M11JAPEPNJM0AGJ4WFFY57Y5
pM2tdPFu	https://liff.line.me/1654883387-DxN9w07M/c/01M0YDZAV6BWKP7KKPV68CFCN8
yxsboHu4	https://liff.line.me/1654883387-DxN9w07M/c/01M11KKNJ6XQR30Y9N9Z1S37CW
WmKxFLXY	https://liff.line.me/1654883387-DxN9w07M/c/01M11KAHWDGA5PWYGVV181PFGE
vIJCgVo	https://liff.line.me/1654883387-DxN9w07M/c/01M11KQCAAQDH6Q56PEW3V7Z8X
T98JtYO	https://liff.line.me/1654883387-DxN9w07M/c/01M10S5RE81V7RWT4AMZ074ZER
Z2SzqqaH	https://liff.line.me/1654883387-DxN9w07M/c/01M10S47ERG67K7SQESCGNH36B
XpySyBv	https://liff.line.me/1654883387-DxN9w07M/c/01M10SK993BE16X5QNSY0SHVXF
wq8Xh16	https://liff.line.me/1654883387-DxN9w07M/c/01M0YE8FX250FB3G7RJWKFD8W0
UMF2FOh	https://liff.line.me/1654883387-DxN9w07M/c/01M0YF8DXVC2WRK0PPDVV7Z8GD
o6FCEYD	https://liff.line.me/1654883387-DxN9w07M/c/01M0YECZ98DCA1FM82X4AFMVQ8
VXF1Iub	https://liff.line.me/1654883387-DxN9w07M/c/01M0YEPQNRARNWDYAVRY90M08Z
ULt1jCP	https://liff.line.me/1654883387-DxN9w07M/c/01M0YDXE4HRBWYK1ZNYKQ1DTCW
WZOYsDS	https://liff.line.me/1654883387-DxN9w07M/c/01M0YE0YR2ET75P9K4ZN6SSRXE
WEOWkxg	https://liff.line.me/1654883387-DxN9w07M/c/01M132M5CAY94R99YCBV6JMY53
7QwGv71	https://liff.line.me/1654883387-DxN9w07M/c/01M0YEMRF7J68MPCTGPQ4SGYE7
SQmvkTm	https://liff.line.me/1654883387-DxN9w07M/c/01M0YE6NA1A0C6NQJ8EHFC2XK3
NsXneVi	https://liff.line.me/1654883387-DxN9w07M/c/01M0YF6J6HWG6D0ZWYKE3JBYX2
oBrBdCY	https://liff.line.me/1654883387-DxN9w07M/c/01M0YEYG6H012XS66ZYBG63MN7
WcqjWdy	https://liff.line.me/1654883387-DxN9w07M/c/01M0YEHFE8PGPE0H1KV55SQ03T
uDrqsH5	https://liff.line.me/1654883387-DxN9w07M/c/01M0YEJH934PWK2ZBAQ0S236XF
wlBvX5F	https://liff.line.me/1654883387-DxN9w07M/c/01M0YDZEJ72DBDFT0T046QS6F5
oRVQpRZ	https://liff.line.me/1654883387-DxN9w07M/c/01M0YF0WFDS9YHFGV81Q00A1TV
tJBIH2W	https://liff.line.me/1654883387-DxN9w07M/c/01M0YF2JECMHXRPCNWNJN6QZPK
vgY7gpL	https://liff.line.me/1654883387-DxN9w07M/c/01M0Y7450XMQRK7DDDAAD75PHH
Y93g5wt	https://liff.line.me/1654883387-DxN9w07M/c/01M0Y0FQQXXF3298BM210DSAY5
ZL83gdu	https://liff.line.me/1654883387-DxN9w07M/c/01M0Y6P7B93PD461PAJXSS7VTH
WidK7uJ	https://liff.line.me/1654883387-DxN9w07M/c/01M0Y4C51BX0W41T2HRVD8D55K
6QICHOc	https://liff.line.me/1654883387-DxN9w07M/c/01M0Y5RXR1PF55Q493DEMQNAGF
YuEcVlg	https://liff.line.me/1654883387-DxN9w07M/c/01M10SHD7114533VJ4XGXTM7C5
P7rOuVh	https://liff.line.me/1654883387-DxN9w07M/c/01M0Y41X7ZH458DV6N6766FKR8
5kLcUeK	https://liff.line.me/1654883387-DxN9w07M/c/01M0Y7176T2PW2G2GQV5NMG1JQ
TTSoyC6	https://liff.line.me/1654883387-DxN9w07M/c/01M0Y470Q2W7AR41YXXPRFY0XN
oe1rROj	https://liff.line.me/1654883387-DxN9w07M/c/01M0Y6X54JH9F235HT0JQXX42P
NXIZfwR	https://liff.line.me/1654883387-DxN9w07M/c/01M0Y6KVDJX7ZHW8R51MAKNNA3
ZL4MGnT	https://liff.line.me/1654883387-DxN9w07M/c/01M0Y62DNT5YNYP3Q20W2AJBBK
RFm6sJz	https://liff.line.me/1654883387-DxN9w07M/c/01M0Y5ZTJV33H9R19Q0FXV9MG7
v82CNi3	https://liff.line.me/1654883387-DxN9w07M/c/01M0EY3EA68Q47VSBGNMCEZWG0
yC63Sr6	https://liff.line.me/1654883387-DxN9w07M/c/01M0EZA7VW5XBPNDFBX6QJ3ZBQ
VdUc9v7	https://liff.line.me/1654883387-DxN9w07M/c/01M0EY0D5TA87ND76D0PMTVM4V
nUSzjjt	https://liff.line.me/1654883387-DxN9w07M/c/01M0EXY2VZ03QFF6KWTESQTHNQ
ZHPJEdT	https://liff.line.me/1654883387-DxN9w07M/c/01M0EYBZSD7J2PNGYT6SYFGVX3
8WWWrX7	https://liff.line.me/1654883387-DxN9w07M/c/01M0EZ7DRWZNDNGRZN7ARXFF0R
vyUawoJ	https://liff.line.me/1654883387-DxN9w07M/c/01M0MFRSNQY56HC62HEH09B8DP
TJ7PQrW	https://liff.line.me/1654883387-DxN9w07M/c/01M0MFVSW4Q0CCHQ5HD6TJ9GHA
vNh0fUU	https://liff.line.me/1654883387-DxN9w07M/c/01M0MFTXJX05VC4DKDHYVASV5Z
WwxYwIJ	https://liff.line.me/1654883387-DxN9w07M/c/01M0YVRZG416AGFRS0XDPQK9Y3
rfw6v7L	https://liff.line.me/1654883387-DxN9w07M/c/01M0EXPG9782ZKHAJCPBE3NV1K
qW83n7a	https://liff.line.me/1654883387-DxN9w07M/c/01M0EXSX5WN4MG824555C98VCV
zaMvKH5P	https://liff.line.me/1654883387-DxN9w07M/c/01M10XSBNZV3RS4KKZSQY5TX0D
n7wJHPf	https://liff.line.me/1654883387-DxN9w07M/c/01M0YAR901NGMVA292KX38Q6VA
rA22gXs	https://liff.line.me/1654883387-DxN9w07M/c/01M0EK4G36XDHQ6MPGHGXHAP34
t0mX19D	https://liff.line.me/1654883387-DxN9w07M/c/01M0EJTF9A0BX5MKFS67WYMXKY
w8dXvxe	https://liff.line.me/1654883387-DxN9w07M/c/01M0YAWAGM582QSE15R9J2SA52
Uo0LIS0	https://liff.line.me/1654883387-DxN9w07M/c/01M0YA7DSVWB639AYCJ81HX89X
9hQDNOH	https://liff.line.me/1654883387-DxN9w07M/c/01M0YADCB2TQYAFB0DAH9DBYFS
w1pD392	https://liff.line.me/1654883387-DxN9w07M/c/01M11N6NTB6YTV5DJ8GEG34YNM
ODTsMNA	https://liff.line.me/1654883387-DxN9w07M/c/01M11NBEM0N2RVVSK3ZS4PDCYH
Wi5ZrTF	https://liff.line.me/1654883387-DxN9w07M/c/01M11N18DDPEE4CRN5G87DZ68N
ThhENv7	https://liff.line.me/1654883387-DxN9w07M/c/01M11NJGVWFMAC5EQEDZRFD826
WJUNDW4	https://liff.line.me/1654883387-DxN9w07M/c/01M11MWVQ2TV29N1FQ8PM1878Z
wOdTpAT	https://liff.line.me/1654883387-DxN9w07M/c/01M11MK0V2BVHFGF8TMXHYZBQQ
yxdUTSH	https://liff.line.me/1654883387-DxN9w07M/c/01M11MAE0782BYNDQNVMF46PRB
UVirdCY	https://liff.line.me/1654883387-DxN9w07M/c/01M11KCM4Z5NE0VEEVQ8T7PN0B
tM0mVd4	https://liff.line.me/1654883387-DxN9w07M/c/01M111DZR4EDCKDDR2Q9ZA9TCP
TmsRpyR	https://liff.line.me/1654883387-DxN9w07M/c/01M111G2E8SW17B0T7KPSW7R8K
8x5KSVsE	https://liff.line.me/1654883387-DxN9w07M/c/01M111JWJB29BX8PY3QMA3XRG4
8ER1QuO	https://liff.line.me/1654883387-DxN9w07M/c/01M111MSDEEQV96AV3DQ2C3AZP
nBQY3g3	https://liff.line.me/1654883387-DxN9w07M/c/01M111PG9AMCCB9QE8S4Z3XFPP
ZYF4GxZ	https://liff.line.me/1654883387-DxN9w07M/c/01M111R6J6EM8V29E03JG4JPGB
nothX47	https://liff.line.me/1654883387-DxN9w07M/c/01M111SEKZ1QN11605BYCVQQG5
x955Fpp1	https://liff.line.me/1654883387-DxN9w07M/c/01M111VFZJ4MPM14EGFKYBDJ5V
VDqoOxe	https://liff.line.me/1654883387-DxN9w07M/c/01M111WTKZS4DT9ZWTHVKVN67X
6aFQv6D	https://liff.line.me/1654883387-DxN9w07M/c/01M111Y0MMEMV6VVQ8JYC0MXCH
re25qAN	https://liff.line.me/1654883387-DxN9w07M/c/01M111ZG91E1WXE05SZWK43ZFP
Z8Wd4DP	https://liff.line.me/1654883387-DxN9w07M/c/01M1120TBD0N9H76AFT8J5GE82
TbNPa1U	https://liff.line.me/1654883387-DxN9w07M/c/01M1121ZTWXM47Y2H3Q6TAJYMD
zE7aNua	https://liff.line.me/1654883387-DxN9w07M/c/01M1122YFYZE4TCKHM471F5ZGZ
OfwqexV	https://liff.line.me/1654883387-DxN9w07M/c/01M1124XY5GF92B2ZAKNFREJ8E
zQCD7oi	https://liff.line.me/1654883387-DxN9w07M/c/01M11263KF4WQ9S30ZYRV3JVDJ
pkIvt4V	https://liff.line.me/1654883387-DxN9w07M/c/01M11273MNRPJGCZSB7PQAEEX3
qMlelu4	https://liff.line.me/1654883387-DxN9w07M/c/01M0S8A72KDNM7RJXFJ00AJE7P
6JJJ9Kv	https://liff.line.me/1654883387-DxN9w07M/c/01M0S7PPDSWQF681ZWCEGN2J2B
xmqs6s81	https://liff.line.me/1654883387-DxN9w07M/c/01M0S7K6XCWNTFDRRNRKP4RQQC
TEpz5Ht	https://liff.line.me/1654883387-DxN9w07M/c/01M0S79YAHRZMVAARFPHB5MJ9T
Xe7KE2x5	https://liff.line.me/1654883387-DxN9w07M/c/01M0S76MF21J29K0G69GPYQG86
xFOkeAW	https://liff.line.me/1654883387-DxN9w07M/c/01M0S729ZTQBERRZ3R7MK8JR5Q
8HsN6Cp	https://liff.line.me/1654883387-DxN9w07M/c/01M0S6Z795STWDYH5D395HRJ1R
Tne7NHQ	https://liff.line.me/1654883387-DxN9w07M/c/01M0S6VMZWBMR0TBF2KC7EM24B
VDkvXe8	https://liff.line.me/1654883387-DxN9w07M/c/01M11KMKP3FZQNHYPWCMRDCC00
6lKYX5r	https://liff.line.me/1654883387-DxN9w07M/c/01M0HH52R0DNDVBJ4VEVRD4B1J
TFzHbfF	https://liff.line.me/1654883387-DxN9w07M/c/01M0SA4NVGAEFJG3X50X8SKYNK
uRbM2KZ	https://liff.line.me/1654883387-DxN9w07M/c/01M0HGXVC3XVHGXK41TRXVGW4K
7MAc5tU	https://liff.line.me/1654883387-DxN9w07M/c/01M0HHJWK9359WBS3F6QXZRCXJ
qyZHUHfF	https://liff.line.me/1654883387-DxN9w07M/c/01M0HGK26NR4GP4CV85CK0S3WS
veYGOwF	https://liff.line.me/1654883387-DxN9w07M/c/01M0HGYS779Z2BAZYHC8Z4EV5X
RLYLApx	https://liff.line.me/1654883387-DxN9w07M/c/01M0HGNRQR05K1B18GGZK8HWQY
y2nw5fI	https://liff.line.me/1654883387-DxN9w07M/c/01M0HH28DZEJPB6EAR1A3XAYPW
yqlfKmbM	https://liff.line.me/1654883387-DxN9w07M/c/01M0HGMA9MQ569Q4P68MRAVW80
xVwAhL9	https://liff.line.me/1654883387-DxN9w07M/c/01M0HH0EJ6AGPRS3CTGRZPY47A
ouE4EYH	https://liff.line.me/1654883387-DxN9w07M/c/01M0HG2ZSM6VPJ0EMKFRTNQSXM
Ohute8Jn	https://liff.line.me/1654883387-DxN9w07M/c/01M0HHG49ZQ161YS4Z96CW9TAZ
oglOIFpu	https://liff.line.me/1654883387-DxN9w07M/c/01M0HFWFBR1J265KHV127WQ7PJ
QjARoZv	https://liff.line.me/1654883387-DxN9w07M/c/01M0HFXRHBMY0054P0YKAW8CR7
tVF7Ab89	https://liff.line.me/1654883387-DxN9w07M/c/01M0HFVBTWSXNV1HPAHKFG6C5V
9TxB7HY	https://liff.line.me/1654883387-DxN9w07M/c/01M0SA1H421VZMCWKPGFET3W4V
ojoZUnO	https://liff.line.me/1654883387-DxN9w07M/c/01M0HFZDHGF9TTQKHZSKDMVY26
sJ6EQOZ	https://liff.line.me/1654883387-DxN9w07M/c/01M0HH7AJ1J7AEFP17ETKM607D
sih46Kr	https://liff.line.me/1654883387-DxN9w07M/c/01M0HH8HVBD11ZZNRYAP00KN30
nSOeYkA	https://liff.line.me/1654883387-DxN9w07M/c/01M0HHMNH1ZNZGEK9VXK638KCZ
XCtoTCI	https://liff.line.me/1654883387-DxN9w07M/c/01M0HPRQVPKPAM69DHP727S8Z0
QJqyXbp	https://liff.line.me/1654883387-DxN9w07M/c/01M0HPY7YMD7G8FASSZ7CSHSVP
v4aAGKC	https://liff.line.me/1654883387-DxN9w07M/c/01M0HQ0HV9C7PJ9SP85ZDBGT5N
uo66qno	https://liff.line.me/1654883387-DxN9w07M/c/01M0HQ2M21Z3PQR0862K8QZQQW
obbbKzJ	https://liff.line.me/1654883387-DxN9w07M/c/01M0HQ5TEFR6HYNBD7W3XZ8GNE
rqH0XFp	https://liff.line.me/1654883387-DxN9w07M/c/01M0HQ88400SWCTCVNG5KCXDV8
Te7QRo4	https://liff.line.me/1654883387-DxN9w07M/c/01M0HQAR7PMR6TC9NJ8F2W9MPF
V2jxYup	https://liff.line.me/1654883387-DxN9w07M/c/01M0HQEWZXV9KBXDBAPZF2F7WS
UBtxomr	https://liff.line.me/1654883387-DxN9w07M/c/01M0HQHGWMWEN4DKE49NRKE1MN
6iNIAUp	https://liff.line.me/1654883387-DxN9w07M/c/01M0HQRRXR60JDG6H2R6FBYX6N
W9mY5EK	https://liff.line.me/1654883387-DxN9w07M/c/01M0HQWTBKTM57HNF0XA8WEPWS
tjSzfdE	https://liff.line.me/1654883387-DxN9w07M/c/01M0HQYJATQ5TDNJX8W5GMC2WN
UJhq8SR	https://liff.line.me/1654883387-DxN9w07M/c/01M0HR0FE4B6KYQH1N4HMHN86A
n1LgjVb	https://liff.line.me/1654883387-DxN9w07M/c/01M0HR1N2ZCR4J23GNHTJ7Z22M
Q0B7lsC	https://liff.line.me/1654883387-DxN9w07M/c/01M0HR38CXG69K7XWBC090PF1Y
QWQtKEc	https://liff.line.me/1654883387-DxN9w07M/c/01M0HRPY7XNE6KQY1RAR4151B2
vSe8VFg	https://liff.line.me/1654883387-DxN9w07M/c/01M0SCN9KSYB9Z3FP1XRVZ8FT1
UqORJK4	https://liff.line.me/1654883387-DxN9w07M/c/01M0SCFBNV19SVVY9CEMBZ0R70
wxDyuiT	https://liff.line.me/1654883387-DxN9w07M/c/01M134CW49W7GT7JD4FCT1KXDM
T4epzhr	https://liff.line.me/1654883387-DxN9w07M/c/01M121WRN92RDZP4P896BWHNC4
5S33T6A	https://liff.line.me/1654883387-DxN9w07M/c/01M121PJH2SQDDWDT7Y5AXMVCA
5OhxHJr	https://liff.line.me/1654883387-DxN9w07M/c/01M121MR0SANH3B4031B8GA0XA
okwRin0	https://liff.line.me/1654883387-DxN9w07M/c/01M121TEZB9XN2E5N2SZMVMB7E
xCP9NsQ	https://liff.line.me/1654883387-DxN9w07M/c/01M121RX6GNAFVCNCAANRT4Z8A
qHTOOuh	https://liff.line.me/1654883387-DxN9w07M/c/01M120HPGAF93PZRM0Q9R3RRRY
YeKJb8H	https://liff.line.me/1654883387-DxN9w07M/c/01M120MAF2DQ6W0RTEVDW3N12F
6x5RoXJ	https://liff.line.me/1654883387-DxN9w07M/c/01M120NWHBXWKBJGBJ4EAJCYMG
SKB9Mzm	https://liff.line.me/1654883387-DxN9w07M/c/01M120R45D4EPMEGYZHQCGKTM4
T0GDMsh	https://liff.line.me/1654883387-DxN9w07M/c/01M120TFRKJHXFFZKVM2R6W8HY
wElOvyv	https://liff.line.me/1654883387-DxN9w07M/c/01M122DWXQZPA5FYVW2Q1QPYN1
R3Uf7Ys	https://liff.line.me/1654883387-DxN9w07M/c/01M120Y91QA5NCY97VTD709E9M
91G8cDn	https://liff.line.me/1654883387-DxN9w07M/c/01M12100YBPH1M10ST5TBM8GQA
ub34Vey	https://liff.line.me/1654883387-DxN9w07M/c/01M1212H7DT1KWEH6NB4K4THER
pCeQbWz	https://liff.line.me/1654883387-DxN9w07M/c/01M1214SVRCFT2VMB40JV4ADNV
QtIsgeh	https://liff.line.me/1654883387-DxN9w07M/c/01M1216HE827FNEA2E579FB0MQ
uZ52zTl	https://liff.line.me/1654883387-DxN9w07M/c/01M1218A2RN5A729QNM2E3RMCT
XjDe5ma	https://liff.line.me/1654883387-DxN9w07M/c/01M1219WJH4FV16NEWDGEBFTC9
53RYxU7	https://liff.line.me/1654883387-DxN9w07M/c/01M121BQ5K6FYSZSBJZEA3E1V3
TOIAF5e	https://liff.line.me/1654883387-DxN9w07M/c/01M121DEF7KF3VGMA55JS6FHH6
7meLFUn	https://liff.line.me/1654883387-DxN9w07M/c/01M121EZ1NTW8R8AMB14HDMAXW
vtPi2tx	https://liff.line.me/1654883387-DxN9w07M/c/01M121H3S2MYCPAMQSJZGVJ27N
RG4dkti	https://liff.line.me/1654883387-DxN9w07M/c/01M112BCVFZ1ETPDHGR6KX30FY
VaINb8A	https://liff.line.me/1654883387-DxN9w07M/c/01M112CNPPAQ0JN13VXB8J5G3E
8pYZmDq	https://liff.line.me/1654883387-DxN9w07M/c/01M112DFD03NZ4QCZ29WPX9SQV
ZG3EwaM	https://liff.line.me/1654883387-DxN9w07M/c/01M112F0MWK80ARHX1T27T51SH
z8s9CiI	https://liff.line.me/1654883387-DxN9w07M/c/01M112FSKTWWJ33QT7P79NH82C
TbvDJYY	https://liff.line.me/1654883387-DxN9w07M/c/01M112GKJ8APJY8QX73TN2XRGJ
YOoVlBw	https://liff.line.me/1654883387-DxN9w07M/c/01M112HA8ZQZ8GDJF5D48CAGT4
8JuI4Lk	https://liff.line.me/1654883387-DxN9w07M/c/01M112J2PYK1M96DAY0R13K02N
6XLQoss	https://liff.line.me/1654883387-DxN9w07M/c/01M112JR5WM8SBFXYCEGAB0ZQR
xIPV0r2	https://liff.line.me/1654883387-DxN9w07M/c/01M112KD6GZ5ED4WYZYH5BY8YE
RSea3dk	https://liff.line.me/1654883387-DxN9w07M/c/01M112M65P5YHS65C22C4AW1T5
zpHV14P	https://liff.line.me/1654883387-DxN9w07M/c/01M0Z2EJEZGQSZ9GCGY0518VH8
ow30B8I	https://liff.line.me/1654883387-DxN9w07M/c/01M0Z2GYMF9E3DD7ZWCED7GZS8
7jhYc9J	https://liff.line.me/1654883387-DxN9w07M/c/01M0Z2JADM3QCBHV6DRK37W3F5
YCkSnxT	https://liff.line.me/1654883387-DxN9w07M/c/01M0Z2KRCNPZQ0J9C8XV3VHRV6
xKtpC92	https://liff.line.me/1654883387-DxN9w07M/c/01M0Z2NCN19SNS405843ZNG1RV
wQmF3i9e	https://liff.line.me/1654883387-DxN9w07M/c/01M0Z2QQ0AWF8DQE446ZNMX9A0
9bQd93j	https://liff.line.me/1654883387-DxN9w07M/c/01M0Z2SA6TPVW40MYM421YN31F
PQIxWUM	https://liff.line.me/1654883387-DxN9w07M/c/01M0Z2TS5GTCK8FTWZZY8HETJ6
pVcRYFJ	https://liff.line.me/1654883387-DxN9w07M/c/01M0Z2W29ZY6M07K9ADN74R5MV
pTo7Drq	https://liff.line.me/1654883387-DxN9w07M/c/01M0Z2XKE5VFATE83TEY9W4EAW
R8vn6brE	https://liff.line.me/1654883387-DxN9w07M/c/01M0Z2YN7QFSBHN08BMC429CCJ
rEZFKfG	https://liff.line.me/1654883387-DxN9w07M/c/01M0Z30TTT328B1NA6V6GZQYFX
pU3TXFP	https://liff.line.me/1654883387-DxN9w07M/c/01M0J11EE4VTC6XRJS6H5VYCSG
VnwLVeH	https://liff.line.me/1654883387-DxN9w07M/c/01M0J1687DCN6Z57217HZFD10V
sGKRCsX	https://liff.line.me/1654883387-DxN9w07M/c/01M0SJYYR7BYREDFB90BKPK6SK
6uOqmJc	https://liff.line.me/1654883387-DxN9w07M/c/01M0MF2G37WX86PXGPVQ6C5XKV
RsFEd0E	https://liff.line.me/1654883387-DxN9w07M/c/01M0MEZNH1RFM9466XSZJ6RF32
skHKrc9	https://liff.line.me/1654883387-DxN9w07M/c/01M0MEXF2DT6QC8TC89DHZR63S
nXHXIcM	https://liff.line.me/1654883387-DxN9w07M/c/01M0SJX8X4M2RKJXTX0XE9M2W9
Q3TBgcF	https://liff.line.me/1654883387-DxN9w07M/c/01M0MFKFECZEJR406DHTZTR8N9
y4QXFn5	https://liff.line.me/1654883387-DxN9w07M/c/01M0MF87WJR2WT6R7BFCB0E5AM
Wva6PwV	https://liff.line.me/1654883387-DxN9w07M/c/01M0Y24T51537BHB9RHMGQZ1WG
RCIsfoA	https://liff.line.me/1654883387-DxN9w07M/c/01M0Y26GD66H10PQEV84BR62JM
vnCEMVI	https://liff.line.me/1654883387-DxN9w07M/c/01M0Y28ABTGC94E3PXPCT6T0SB
oqk3P9aT	https://liff.line.me/1654883387-DxN9w07M/c/01M0Y297XH710DG5A0CYHMJSQH
VdbJAwU	https://liff.line.me/1654883387-DxN9w07M/c/01M0Y2AXXJ9J0DNF99FJSAK5FG
5jb9ka9	https://liff.line.me/1654883387-DxN9w07M/c/01M0Y2CD3A1NDKZPBZJH7VZRV7
PHFLgAV	https://liff.line.me/1654883387-DxN9w07M/c/01M0Y2ENDDK5HKYW4ERDVWR5YP
YKAQcXz	https://liff.line.me/1654883387-DxN9w07M/c/01M0Y2G0X8MHA1V3RB86D4QQJZ
qMm25ZE	https://liff.line.me/1654883387-DxN9w07M/c/01M0Y2GXZQC612WRDJFMFSAH3R
Zo4TFwx	https://liff.line.me/1654883387-DxN9w07M/c/01M0Y2KDD6BBF9AFGAC862Q3FC
R8cbDnC	https://liff.line.me/1654883387-DxN9w07M/c/01M0Y2N4YCM9ZV7E1THEZ1A4MA
O937eti	https://liff.line.me/1654883387-DxN9w07M/c/01M0Y2P74AT3J2QRD4AYC63TAY
ZPzg9Hj	https://liff.line.me/1654883387-DxN9w07M/c/01M0Y2QK1604YDCFHZV6CX8E6G
SDPeyGc	https://liff.line.me/1654883387-DxN9w07M/c/01M0Y2RGB4JSZ3Q1QGDVGCWCYB
RB9WSG9	https://liff.line.me/1654883387-DxN9w07M/c/01M0Y2SVGBQ3FCAAB2FRG5ECQP
VISc8gJ	https://liff.line.me/1654883387-DxN9w07M/c/01M0Y2TVTWT497N0ZS66Z15695
SVE0Tey	https://liff.line.me/1654883387-DxN9w07M/c/01M119KF812QA38B5YCW3Z8KWN
ST2lt3s	https://liff.line.me/1654883387-DxN9w07M/c/01M11ANAR7GTFH2YYT1RZ13GR6
r1TYrJJ	https://liff.line.me/1654883387-DxN9w07M/c/01M1192RJFCA716PWM85S8VN9J
SRUOYVC	https://liff.line.me/1654883387-DxN9w07M/c/01M11ARP8603QHPV8Z5D3GAPRQ
utuhGy2	https://liff.line.me/1654883387-DxN9w07M/c/01M119WRAB0CTPHMRYBH8FZ8QB
QUunrJQw	https://liff.line.me/1654883387-DxN9w07M/c/01M11H9RT3G4PVCQZPBHFSFFNY
NOThcVe	https://liff.line.me/1654883387-DxN9w07M/c/01M11GN5Q3CW3Q1W260TS9ZXCZ
uIZJczz	https://liff.line.me/1654883387-DxN9w07M/c/01M11JEHJYJMYVTV1B22GQH622
7WXZWtq	https://liff.line.me/1654883387-DxN9w07M/c/01M11G3CYQ2BD4EX5HVT765WFP
zgEQ89e	https://liff.line.me/1654883387-DxN9w07M/c/01M10TK08R1PDX1ZXXVAY38BM5
Nm4CM17	https://liff.line.me/1654883387-DxN9w07M/c/01M10V5YMWGMJKY9J8CFG3RHMR
n9ZpUIN	https://liff.line.me/1654883387-DxN9w07M/c/01M10VDEER2B8JKJYRP98RF0RE
SJvwalr	https://liff.line.me/1654883387-DxN9w07M/c/01M10VH3HNBYMQCT9TG5HP580G
UOi10z8	https://liff.line.me/1654883387-DxN9w07M/c/01M10VEWE7YSXHBH4Y8DWKHQ3T
PE3rp5q	https://liff.line.me/1654883387-DxN9w07M/c/01M10TFAQQK69JV1TZ0AC34B9G
vpWYBNP	https://liff.line.me/1654883387-DxN9w07M/c/01M10TDNF8GT24RY2NKJMWBQBH
VJ0S3ZW	https://liff.line.me/1654883387-DxN9w07M/c/01M10W6V735PQNV7X6AZ6CVGQP
plZxdYa	https://liff.line.me/1654883387-DxN9w07M/c/01M10W7XBJCWC2QD39A67WWAKH
yT22UFH	https://liff.line.me/1654883387-DxN9w07M/c/01M10W5QDPW9Z2YX2C0V3H3RHE
7UyojyK	https://liff.line.me/1654883387-DxN9w07M/c/01M10WC3PYHX9RZXXFZYTKRD3F
XCdmLYs	https://liff.line.me/1654883387-DxN9w07M/c/01M11TA32D9K2M0RMEE3K0GP7Z
pGhtbj1	https://liff.line.me/1654883387-DxN9w07M/c/01M11TGJ8QQ3J4ZXSWF0V94TKC
ORhkwUS	https://liff.line.me/1654883387-DxN9w07M/c/01M11TM804KYHCZC373PKM1B76
8QfUab8	https://liff.line.me/1654883387-DxN9w07M/c/01M11TQ1062CXFDA7YWFBJDDNH
WtaQwFTE	https://liff.line.me/1654883387-DxN9w07M/c/01M11TYTK85W4JE7HN8Y5XBHPD
XOdYV0E	https://liff.line.me/1654883387-DxN9w07M/c/01M11V2CDVT6FCXX63ZBHMYRTN
vMy7rrD	https://liff.line.me/1654883387-DxN9w07M/c/01M11V9CVE91W563HZ8XJJ1N5E
826H1QK	https://liff.line.me/1654883387-DxN9w07M/c/01M11VDYPCGAWDD3WMZM1WNJXR
wOpQsrO	https://liff.line.me/1654883387-DxN9w07M/c/01M11VHZB5D54NS4G5MPPCEK83
5ZVovc6	https://liff.line.me/1654883387-DxN9w07M/c/01M11VMDK0EDD17FA0NG401VGT
YWsU75z	https://liff.line.me/1654883387-DxN9w07M/c/01M11VTGJDMEKB257QJX50ECVV
5WP8Y62	https://liff.line.me/1654883387-DxN9w07M/c/01M11VX1HS7R9WCBF4SF7KVMNP
73eW58gT	https://liff.line.me/1654883387-DxN9w07M/c/01M11VZGRDZ0XFE4AFRCFBAD8E
OeFxdaE	https://liff.line.me/1654883387-DxN9w07M/c/01M11W28YHHB1ACAXGD0469E4Z
rusrq1D	https://liff.line.me/1654883387-DxN9w07M/c/01M11W4TTSZEPDPTQFB2SF5CVM
xyGm0Kq	https://liff.line.me/1654883387-DxN9w07M/c/01M11W6BA9088TX3W8MC9DPENG
t1g6zk6	https://liff.line.me/1654883387-DxN9w07M/c/01M11W8YGV77KFP7MSH79AYZZC
OjgYGX7	https://liff.line.me/1654883387-DxN9w07M/c/01M11WC4T0H06XEPSV8JECQQZ9
slQLWLc	https://liff.line.me/1654883387-DxN9w07M/c/01M11WE18TRTVJP3GHQ04XA8DA
yoD8WA9	https://liff.line.me/1654883387-DxN9w07M/c/01M11WG0SD4Q4NTVZCTYYT8R26
SGrSo04	https://liff.line.me/1654883387-DxN9w07M/c/01M0W05JYGMJ3VXEQS8JX3MMMG
7ywJfSN	https://liff.line.me/1654883387-DxN9w07M/c/01M0W08G4BBYYGHZ5J7DPS0YWR
tMbYyuo	https://liff.line.me/1654883387-DxN9w07M/c/01M0VZZMD8WFSFYN18W0B9GMVS
QpMHTmE	https://liff.line.me/1654883387-DxN9w07M/c/01M0YZ9XP4JJQMR4KRY3C6MN3F
rpbuthp	https://liff.line.me/1654883387-DxN9w07M/c/01M0YZ3GKP42F111286EZHEDVA
sD4myR	FAIL
OAc3mIX	https://liff.line.me/1654883387-DxN9w07M/c/01M0YZYP9XVW2MH2G1M20NDR1D
S5by05z	https://liff.line.me/1654883387-DxN9w07M/c/01M0YZEKX88YSB641M3Y19EGBG
tt3JwKY	https://liff.line.me/1654883387-DxN9w07M/c/01M0YZJRHN5XXRX3P2YTCPNHPN
WOIyQGp	https://liff.line.me/1654883387-DxN9w07M/c/01M0YZP9KDFSZNKXH24ZAGV5T8
YRMdB78	https://liff.line.me/1654883387-DxN9w07M/c/01M0Z036FW5834DKD2FR1C9QN1
7CZLOoe	https://liff.line.me/1654883387-DxN9w07M/c/01M0M7VZQ7D4XGW2GCYJ1B3RCF
sq88iNR	https://liff.line.me/1654883387-DxN9w07M/c/01KZN0N9P64R32VRA92ZANZQ19
8pTwVTg	https://liff.line.me/1654883387-DxN9w07M/c/01M0F8Q6PSN0CHDPKHRRJS20YT
TPoHJzZ	https://liff.line.me/1654883387-DxN9w07M/c/01KZN0V42E1ZBQZC1NKHX0SF8J
s3kHvFSI	https://liff.line.me/1654883387-DxN9w07M/c/01M0FHTVS926MV3H01GHF3R7RV
WHmSYoE	https://liff.line.me/1654883387-DxN9w07M/c/01M0M7TB4TQ436RCHE7GMEYGB7
pxwo4Wl	https://liff.line.me/1654883387-DxN9w07M/c/01M0FHSDRPYX21074C87C7QKEX
yvmPkRc	https://liff.line.me/1654883387-DxN9w07M/c/01M0F8FP5SZNCA0B5H4Y78T0R3
PwZT5TJ	https://liff.line.me/1654883387-DxN9w07M/c/01KZN0YCH4CJ6W8ZWBPJSS53A7
rPLgZay	https://liff.line.me/1654883387-DxN9w07M/c/01KZWNCW6Z5HYR3N77KDFSHZ19
s8QwyPx	https://liff.line.me/1654883387-DxN9w07M/c/01KZQT98YFF52WTK934KVTB1EH
vblHE1h	https://liff.line.me/1654883387-DxN9w07M/c/01KZN0G5AJ5KG2AEGK3YD7B3F6
5LvgjZB	https://liff.line.me/1654883387-DxN9w07M/c/01KZN1FSVWS048D17MKTKJHEAT
X3V6TIq	https://liff.line.me/1654883387-DxN9w07M/c/01M1345DZ62NDTBQHYG1RYQNZ3
6SuMVwo	https://liff.line.me/1654883387-DxN9w07M/c/01M134SSQAGD5W2PTBCKXD28FA
rvYT35b	https://liff.line.me/1654883387-DxN9w07M/c/01M1347N2NJ4ATADJ9Q9K7P8HX
tjgcao3	https://liff.line.me/1654883387-DxN9w07M/c/01M13494BKCEVQT0EHB7RH010D
w8eDenX	https://liff.line.me/1654883387-DxN9w07M/c/01M134V5BE4TEJ7YV131JVWDAJ
6x2cdD31	https://liff.line.me/1654883387-DxN9w07M/c/01M134AQ5Y5C8PQ35MH2G5GXZ7
R0OUf8x	https://liff.line.me/1654883387-DxN9w07M/c/01M134C3ESGW8WREEPA6WE2EJ2
PwFibxe	https://liff.line.me/1654883387-DxN9w07M/c/01M134EDRS501N340CBTM9W3KP
x5svE3D	https://liff.line.me/1654883387-DxN9w07M/c/01M134GEN2KNCSRNJ8BM1XNYZ5
RcEVMVc	https://liff.line.me/1654883387-DxN9w07M/c/01M134JFE5NPYYNH9YPWSKAM9W
nua1iCT	https://liff.line.me/1654883387-DxN9w07M/c/01M134R3JH1YV88B65FTM1MVS5
nvd275v	https://liff.line.me/1654883387-DxN9w07M/c/01M134X58DW26WR5MKZEPSQ0RJ
pML7mDS	https://liff.line.me/1654883387-DxN9w07M/c/01M11MDRTXWGJ22M6YJGDJ42RJ
71j3Dhf	https://liff.line.me/1654883387-DxN9w07M/c/01M11JN50P47H2XTEFRB8YP8VH
YiKh8NE	https://liff.line.me/1654883387-DxN9w07M/c/01M11M86TJBRJQZ1T691BQMHWZ
pCRcIct	https://liff.line.me/1654883387-DxN9w07M/c/01M11K2N5XR4T1Z74MJDX8AA1Q
pcQuN28	https://liff.line.me/1654883387-DxN9w07M/c/01M11K5Z5M2QHY6WQ68J1CBHVN
wJ8UMGf	https://liff.line.me/1654883387-DxN9w07M/c/01M11KFDXVS1PRWYM71EQVE582
Tr959Rs	https://liff.line.me/1654883387-DxN9w07M/c/01M11MJQ0X3RHZJRY69Q04WRY2
oZ1NScz	https://liff.line.me/1654883387-DxN9w07M/c/01M11MB5ZGXMHJZ9WNYXPX4BFR
XzcUvEej	https://liff.line.me/1654883387-DxN9w07M/c/01M11M5M1MBN9BKFC4VGWNJPJ4
Uz7PVDD	https://liff.line.me/1654883387-DxN9w07M/c/01M11KSFADEKRZZF87JZJ3HXRP
nyEr8Cb	https://liff.line.me/1654883387-DxN9w07M/c/01M11M1HHWYZ75NS5S47WQ3KY6
woyeluh	https://liff.line.me/1654883387-DxN9w07M/c/01M11JEP3BNPDM6Y1DT39WS386
vco89Vju	https://liff.line.me/1654883387-DxN9w07M/c/01M11KPM2YJADN4MC44SS9RBH6
9iDe58z	https://liff.line.me/1654883387-DxN9w07M/c/01M111BQB2AVSW1HTF0EWQ108S
NvBoeda	https://liff.line.me/1654883387-DxN9w07M/c/01M110BJ7X7SW0EH43FRKSKW8F
prC2j1D	https://liff.line.me/1654883387-DxN9w07M/c/01M1115AAMVE5BDMYYYF6DD94M
q0CQ32X	https://liff.line.me/1654883387-DxN9w07M/c/01M110VR1YPGFZP4JYVSZJ7SR6
Suuh0WP	https://liff.line.me/1654883387-DxN9w07M/c/01M134PBFMV9E1HWCMMNYN56ZP
WuY9vYd	https://liff.line.me/1654883387-DxN9w07M/c/01M134M39TN080EFJQMPGEX19J
sD4myRp	https://liff.line.me/1654883387-DxN9w07M/c/01M0YZV0WXCF1TZ36ZY1C8VHHK
XnijBRV	https://liff.line.me/1654883387-DxN9w07M/c/01M0J5K55MVKXVJKFTEZE4F54M
ToLuAFK	https://liff.line.me/1654883387-DxN9w07M/c/01M0VRJ48N017N98GW5433AHCM
pzfYrUE	https://liff.line.me/1654883387-DxN9w07M/c/01KZTDVQMT8G01WRE5ECXTNNQ0
Pk2IGqi	https://liff.line.me/1654883387-DxN9w07M/c/01M0J5G9XE6PS86Y0TY7G3QG5D
UbYImOv	https://liff.line.me/1654883387-DxN9w07M/c/01M0J5HP3TMCFMGYCQZ32CQ092
6h8AV9u	https://liff.line.me/1654883387-DxN9w07M/c/01M0J5NNGJY81NGN5WYM82Q93W
owfL0b9	https://liff.line.me/1654883387-DxN9w07M/c/01M0VRYF6480E416QN32AJJXQ1
XrhIPwU	https://liff.line.me/1654883387-DxN9w07M/c/01M0J69XM8N5MNYG0MEB9XMZN5
ry95prd	https://liff.line.me/1654883387-DxN9w07M/c/01KZTDKJZWTZHGE04BJA775P3S
PyYikOh	https://liff.line.me/1654883387-DxN9w07M/c/01KZTDZ0PG6N7714DP1Z6NS9XE
ttdRdRj	https://liff.line.me/1654883387-DxN9w07M/c/01KZTE0VCZK92JPTH2NT565WT2
vlX7J45	https://liff.line.me/1654883387-DxN9w07M/c/01KZTECTMTXS5Y1T1CZASWR218
NtL3Rvw	https://liff.line.me/1654883387-DxN9w07M/c/01KZTDNT1N0CCKGV2685GYXPY6
Q5emiZW	https://liff.line.me/1654883387-DxN9w07M/c/01M13F0HDJ8RYWSW9E0CT6W1JJ
9cp66iv	https://liff.line.me/1654883387-DxN9w07M/c/01M13KF9PHESQ05DFM59N6VQMR
T8gcAp5	https://liff.line.me/1654883387-DxN9w07M/c/01M13K04M2S20GYDXBZ2PWBQF2
RJDBg0h	https://liff.line.me/1654883387-DxN9w07M/c/01M13SF6NHNKXZSGN7SNBCG6DD
QsQzRTL	https://liff.line.me/1654883387-DxN9w07M/c/01M13VKZYT6WG66HKRKC5CAEFW
Sq4x9dT	https://liff.line.me/1654883387-DxN9w07M/c/01M0PW9C4T1J67FKDXNW6BWP8W
zGviPVx	https://liff.line.me/1654883387-DxN9w07M/c/01M13X5431H0GQNGAR8YGKKRPS
nhfKgsb	https://liff.line.me/1654883387-DxN9w07M/c/01M1420781K3R1Q7PVDQXX92ZA
YWrYdQS	https://liff.line.me/1654883387-DxN9w07M/c/01M13HV4HH1619ZF3TTG916FGV
uhqJxde	https://liff.line.me/1654883387-DxN9w07M/c/01M13T5Q3MSHDAMGACAEBT3G3N
pL9P2eR	https://liff.line.me/1654883387-DxN9w07M/c/01M13SVAZNM3NR1QA0EHAHCKWD
yWPMJND	https://liff.line.me/1654883387-DxN9w07M/c/01M13DYB2CJP91CP2JD3G293Q8
uP2vgL3	https://liff.line.me/1654883387-DxN9w07M/c/01M13YTH88SC1GZJH2006TDZR3
RrTYzE1	https://liff.line.me/1654883387-DxN9w07M/c/01M13YPNJQ2SEZJM9G163EDZPS
WRr2UiX	https://liff.line.me/1654883387-DxN9w07M/c/01M13QWZVJ6G0N6BKARMTMV0HD
8XmzPmr	https://liff.line.me/1654883387-DxN9w07M/c/01M13WH1MHP8Y9GHMPKMJYBF9H
5qj2AqU	https://liff.line.me/1654883387-DxN9w07M/c/01M13PZB8BQFJNNRNWJJJ60GP2
ZWtNhpn	https://liff.line.me/1654883387-DxN9w07M/c/01M142JMQKSNN39P533E671N39
6Z90yyL	https://line.me/R/ti/p/@816xpruh?ts=08041336&oat_content=url
O5iJ3Vk	https://liff.line.me/1654883387-DxN9w07M/c/01M13Z1H0CPGQM4EQT7Q0Y5F2B
tC9NrYY	https://liff.line.me/1654883387-DxN9w07M/c/01M13XSX75TPEHGFE0WFMGFDZ6
rJR0bl3	https://liff.line.me/1654883387-DxN9w07M/c/01M0YFFQJ9R3CVZEMJAGBGNYE4
oMumz50	https://liff.line.me/1654883387-DxN9w07M/c/01M144MX8RSV71H1ZSGPNK0C7H
7wPAWOB	https://liff.line.me/1654883387-DxN9w07M/c/01M1464AW4ZP374Q6BGV6WB0QJ
xXRH1Gc	https://liff.line.me/1654883387-DxN9w07M/c/01M145JB0H35Z3YYD8Q9H4DE2W
Xqa4sFy	https://liff.line.me/1654883387-DxN9w07M/c/01M1405X5Z6R9Z7S5FNWH496D8
UKM6TKK	https://liff.line.me/1654883387-DxN9w07M/c/01M0KREB2XWDRZHMF8N89JDVX9
q97O5u7	https://liff.line.me/1654883387-DxN9w07M/c/01M143A8FA0YMK31QABMYSVKZ2
Xo7D2Lr	https://liff.line.me/1654883387-DxN9w07M/c/01M13M997J8ZSC2APF2H3R2EG6
yjWrZ5V	https://liff.line.me/1654883387-DxN9w07M/c/01M13J396CXK7AM4WB33CN9G04
YNOqqPO	https://liff.line.me/1654883387-DxN9w07M/c/01M133CZCCJ1K7M3T9EV67E4N5
w9EtprO	https://liff.line.me/1654883387-DxN9w07M/c/01M141SCPAK50KEH3FSCBJGRNZ
Z4UqYWp	https://liff.line.me/1654883387-DxN9w07M/c/01M14FBWJ3JWC6QFH0MW4JS6X5
wMzqNAH	https://liff.line.me/1654883387-DxN9w07M/c/01M14CKG6F3HXDG4KT9TS78YSX
6DRehVj	https://liff.line.me/1654883387-DxN9w07M/c/01M14ECEVTXCHJA12Z93C6ZDMY
pSWBH4G	https://liff.line.me/1654883387-DxN9w07M/c/01M14CMVE6C5QHZ9ST9GRQCJA0
Zc5GO6M	https://liff.line.me/1654883387-DxN9w07M/c/01M14E9JJQMQ2VZ0FEM8D6Z2YN
W7Mrids	https://liff.line.me/1654883387-DxN9w07M/c/01M14CNHNWTHEEP0KC5M0QYV27
6pIwiwh	https://liff.line.me/1654883387-DxN9w07M/c/01M14E82MR8QMKCGQ1E6DHQAWF
Z689cvI	https://liff.line.me/1654883387-DxN9w07M/c/01M14E6DQ66QPMRERX43MMWGZ0
N9YpV8c	https://liff.line.me/1654883387-DxN9w07M/c/01M14EB4DN4NAEEVWCT8YG5YVM
w7T1FtI	https://liff.line.me/1654883387-DxN9w07M/c/01M14146YN568EEG6H57BHAYV9
ps0aj3G	https://liff.line.me/1654883387-DxN9w07M/c/01M13NH67JMWEH4E46Y00TGKXD
8lgrcWU	https://liff.line.me/1654883387-DxN9w07M/c/01M13KP2N3KW2HNB409A0XKH20
9exJ7qo	https://liff.line.me/1654883387-DxN9w07M/c/01M13QMJ1V1CSHRG6RHV1S70YN
WJUKWR4	https://liff.line.me/1654883387-DxN9w07M/c/01M13N7C8T8708X58SEEVWMAK7
S7Bt8VH	https://liff.line.me/1654883387-DxN9w07M/c/01M149F1M3JS82AFCDW7HNF6GR
xAesOXg	https://liff.line.me/1654883387-DxN9w07M/c/01M13Z4BN2YJXWD0P1DHT226JA
Oh1dSHD	https://liff.line.me/1654883387-DxN9w07M/c/01M15KEZXW7BM77HH1KFECRFZG
qQ5vJDE	https://liff.line.me/1654883387-DxN9w07M/c/01M14J11PYS24FHJBQ990S9ZJT
8Bv63tO	https://liff.line.me/1654883387-DxN9w07M/c/01M14QATSF89J6KQCH7NPS0SR5
9496mkz	https://liff.line.me/1654883387-DxN9w07M/c/01M15N5JDFA4ERBEAB15WNJ860
WFHd07L	https://liff.line.me/1654883387-DxN9w07M/c/01M14MBKY63FTTFAP5R0E4H3GH
RVqOUW4	https://liff.line.me/1654883387-DxN9w07M/c/01M14M8RP9DRPCYZKZM62CH0FD
uIzhdAJ	https://liff.line.me/1654883387-DxN9w07M/c/01M14AD9D8QNTPHF4M6G8YCJAA
p2JKdr5	https://liff.line.me/1654883387-DxN9w07M/c/01M13KQZJDWM5PTYXJ5T7HVAZD
qESRK9p	https://liff.line.me/1654883387-DxN9w07M/c/01M0YS36CE411YE0TK69GE64KQ
SCEhlbK	https://liff.line.me/1654883387-DxN9w07M/c/01M13TBSTBEE27X71ZXNZPMA7C
7eoOr2V	https://liff.line.me/1654883387-DxN9w07M/c/01M14AMAKB1SFQV8T4HECFNBAA
sEM6hwR	https://liff.line.me/1654883387-DxN9w07M/c/01M13FPTGXE635GTXBQJJQBJS0
safDqUe	https://liff.line.me/1654883387-DxN9w07M/c/01M1EGCEVAGC7PD4YNY28AYP7S
wYrNdRC	https://liff.line.me/1654883387-DxN9w07M/c/01M1EGP60MXB3KCPXCFT3MZ4G5
T5Wn9bw	https://liff.line.me/1654883387-DxN9w07M/c/01M1EGJ2M3KZWQJ3G9QK2BRJG8
SCIl52o	https://liff.line.me/1654883387-DxN9w07M/c/01M1EGR5QMR5YXPE4K2DZYENEQ
8BKFd8T	https://liff.line.me/1654883387-DxN9w07M/c/01M1EGTT3R6ME89RC48KWR654T
vneOzIi	https://liff.line.me/1654883387-DxN9w07M/c/01M1EH5MBBDHMNS3B3SP4KJCDJ
oD41qlW	https://liff.line.me/1654883387-DxN9w07M/c/01M1EHJJ5X4BX1G6HNXVHBNKQW
5WCU1Vh	https://liff.line.me/1654883387-DxN9w07M/c/01M1EH3SSSZ1RBE74QTATP8JWB
ueidV90	https://liff.line.me/1654883387-DxN9w07M/c/01M1EGZTEX6HGP8VKB5BRQZAJR
XJIS7rA	https://liff.line.me/1654883387-DxN9w07M/c/01M1EH1T3040DYYD2JACC8VKR1
sFJRqbL	https://liff.line.me/1654883387-DxN9w07M/c/01M1JJCCZWRVBA2DZ8BQZP66CN
sVMalX9j	https://liff.line.me/1654883387-DxN9w07M/c/01M1JJRRZKKX6GTN2Q2EB692FQ
qo0YNUu	https://liff.line.me/1654883387-DxN9w07M/c/01M1JJYB4BFXMCE39MGBNA2A44
uReFQuK	https://liff.line.me/1654883387-DxN9w07M/c/01M1JJVYD16C30B2PQN3Z115AB
WjfQVWWP	https://liff.line.me/1654883387-DxN9w07M/c/01M1JKQCJJZ4JR8T50HSAC9167
6uMADK5	https://liff.line.me/1654883387-DxN9w07M/c/01M1JJZQJNYAMGZ2JQGF8R2K3A
5PW6o5y	https://liff.line.me/1654883387-DxN9w07M/c/01M1JJTK6TS5MJPPBTSSX1V55G
rgYFBku	https://liff.line.me/1654883387-DxN9w07M/c/01M1JKF9ESM9N19GBH6D105AE7
z9mO3Wy	https://liff.line.me/1654883387-DxN9w07M/c/01M1JKJ82J7EW57GQ2F1JYJ9KZ
XK5mj0F	https://liff.line.me/1654883387-DxN9w07M/c/01M1JJE24NX28VW0C5PJW806M7
ZxPrRKL	https://liff.line.me/1654883387-DxN9w07M/c/01M1JW4XZD4Q5102FW9VK5AD8F
rYCfiRS	https://liff.line.me/1654883387-DxN9w07M/c/01M1JVZJ9WP8DR59EBJBAF9X88
z17m9mM1	https://liff.line.me/1654883387-DxN9w07M/c/01M1JW1GKWR5TXDQ56QGNPFBE1
785PX2p	https://liff.line.me/1654883387-DxN9w07M/c/01M1JW243T4GF7MNTKF6N9SYZS
tldmGpM	https://liff.line.me/1654883387-DxN9w07M/c/01M1JW30AXKV95Q19Y727F5W10
wSof0Vt	https://liff.line.me/1654883387-DxN9w07M/c/01M1JWKSGNC1TR85639VW1E12Y
89pxHTa	https://liff.line.me/1654883387-DxN9w07M/c/01M1JVVE0AD8DPKZVJCD3WSRGT
ryTwnfS	https://liff.line.me/1654883387-DxN9w07M/c/01M1JVTABBAYK7ZJ4C2PVCPZ2A
X0ssk1w	https://liff.line.me/1654883387-DxN9w07M/c/01M1JW0SHZE3KRRFA4NEHMTE5V
wWzOz0G	https://liff.line.me/1654883387-DxN9w07M/c/01M1JWHVK4X993GWVKN88KBZ8N
SX7w6tZ	https://liff.line.me/1654883387-DxN9w07M/c/01M1JWCCPNZH9MA8TQ0W01864F
ZAbTKi7	https://liff.line.me/1654883387-DxN9w07M/c/01M1JW8HTZHNE2RZK5MCVYVZCF
85UmwDEM	https://liff.line.me/1654883387-DxN9w07M/c/01M1JWMA7MN66AXM957227GGSJ
y1zKx5W	https://liff.line.me/1654883387-DxN9w07M/c/01M1JWASGRHARXDTNCBB64Z440
YEjtQAn	https://liff.line.me/1654883387-DxN9w07M/c/01M1JVWWRDNKHSGMC0Q5MK41VE
ojSXOr2	https://liff.line.me/1654883387-DxN9w07M/c/01M1JVRC02HQK0CXMGA33ZPBXK
TUogZd8	https://liff.line.me/1654883387-DxN9w07M/c/01M1JVZK8KNRXMY2301447XGTA
zqKWBXd	https://liff.line.me/1654883387-DxN9w07M/c/01M1JW14V13YCCMEDSA7M60WSJ
xO0pNXN	https://liff.line.me/1654883387-DxN9w07M/c/01M1JW3QBMGX2AV3DR4J6J738M
zfyVDku	https://liff.line.me/1654883387-DxN9w07M/c/01M1K2XFS0H6VVHEQRWEHVR8SE
PLbLMXo	https://liff.line.me/1654883387-DxN9w07M/c/01M1E2DJR6SFGGA1JRZN7QXQHX
qW7Oiqi	https://liff.line.me/1654883387-DxN9w07M/c/01M1K2Y781WSJ8G5Q57KZRCVRK
9sGjpih	https://liff.line.me/1654883387-DxN9w07M/c/01M1K34MVXD3QXTD2GB59MM3QK
nziJiOE	https://liff.line.me/1654883387-DxN9w07M/c/01M1K3W2CNGR4DXH2A439KQ2CT
n4KT7gJ	https://liff.line.me/1654883387-DxN9w07M/c/01M1K2WKSTY51616TTND64ANX0
UNUtlZi	https://liff.line.me/1654883387-DxN9w07M/c/01M1K2X2J97E417ZQWYG3CCKX9
tXdvUyb	https://liff.line.me/1654883387-DxN9w07M/c/01M1K5YFC4JSSY1NM4J0S5RVSG
ogsBWHC7	https://liff.line.me/1654883387-DxN9w07M/c/01M1K604N1RZMRNK33G9YSVKH5
Tw4w7OtZ	https://liff.line.me/1654883387-DxN9w07M/c/01M1K654FKS895PQFN8ZT3NQ3G
O57EuiK	https://liff.line.me/1654883387-DxN9w07M/c/01M1K5SZC7GWZ7MB6QMD8ZTFRK
TlCMsiu	https://liff.line.me/1654883387-DxN9w07M/c/01M1K61MR592293X4F4H1QW1C4
RnPWYrN	https://liff.line.me/1654883387-DxN9w07M/c/01M1K62ZP74S3H7E1E3C840R3H
7JT3H0I	https://liff.line.me/1654883387-DxN9w07M/c/01M1EDJDQ53V46RK4W99JV48PR
N8zhtwT	https://liff.line.me/1654883387-DxN9w07M/c/01M1EA4AFKN9WE2G070GEAVY58
yxOXnmz	https://liff.line.me/1654883387-DxN9w07M/c/01M1EA990HATDHMRD53VFYMBV8
ymToMDv	https://liff.line.me/1654883387-DxN9w07M/c/01M1ED3S28DS0VCQR8SR7W5R89
pm0qB4X	https://liff.line.me/1654883387-DxN9w07M/c/01M1EAMWM0GTXNBTX9ESX7127Y
YtvvOG9	https://liff.line.me/1654883387-DxN9w07M/c/01M1EAHP0N39J29VBJ01QB3FWY
p6sOG89	https://liff.line.me/1654883387-DxN9w07M/c/01M1EAE1Q2Q8WMJHF7VTANGZ32
QGvGCW5	https://liff.line.me/1654883387-DxN9w07M/c/01M1ED9JK0XBMA8R55VA5732DE
8SN35Rs	https://liff.line.me/1654883387-DxN9w07M/c/01M1ECX5RENCCWRE7JHC2YHTF5
OeEFp2B	https://liff.line.me/1654883387-DxN9w07M/c/01M1EAWMFP8TN6HSB7SGG0XDX4
YPG2HJk	https://liff.line.me/1654883387-DxN9w07M/c/01M1K6CJPXTAQ9QN5RMX5Q7W6W
vYDc43J	https://liff.line.me/1654883387-DxN9w07M/c/01M1K6AKG46E9F9HN4T64SYPDZ
pyNpoPN	https://liff.line.me/1654883387-DxN9w07M/c/01M1K6A1EE12WWZA7YARXKZJ20
OVePkZs	https://liff.line.me/1654883387-DxN9w07M/c/01M1K6BWA8NHA5ZK7VHXW932V5
RcSDDix	https://liff.line.me/1654883387-DxN9w07M/c/01M1JW4H8QCRX58DZZSCRND92Q
tFot4Guw	https://liff.line.me/1654883387-DxN9w07M/c/01M1JVK0M87PVB6Z4M3XJW92Z5
pJjYgWw	https://liff.line.me/1654883387-DxN9w07M/c/01M1JVTGB0PYS47P2BPEXYKVG0
txDNS4N	https://liff.line.me/1654883387-DxN9w07M/c/01M1JVYHCMAA1CHDPP5VZBDVEN
Pka1ku2	https://liff.line.me/1654883387-DxN9w07M/c/01M1K73EBZ9G1VG6YRGTN7MMZ9
uVpfV2j	https://liff.line.me/1654883387-DxN9w07M/c/01M1K788EQ943MAGC4AQ3DHHF2
XRRYfC9	https://liff.line.me/1654883387-DxN9w07M/c/01M1K6VBMN2T14NDB5JWJVWGHD
z6TXHvM	https://liff.line.me/1654883387-DxN9w07M/c/01M1K764JZBE5KB3NF5BKGTSC8
U85OY6B	https://liff.line.me/1654883387-DxN9w07M/c/01M1K6RPKMERREY7DGPBZXDN83
W4YWfXL	https://liff.line.me/1654883387-DxN9w07M/c/01M1K6EC1MCVHEYZZCBH5D1EGJ
yfX1zfA	https://liff.line.me/1654883387-DxN9w07M/c/01M1K6NTA4KMATDXJY64MQD3YM
zAUGc8K	https://liff.line.me/1654883387-DxN9w07M/c/01M1K71F92QZG7XAGYNDKGXB3A
yMjKKC4	https://liff.line.me/1654883387-DxN9w07M/c/01M1K6ZA2XA8JYB0WNVBCM9C03
5wyZSJ5	https://liff.line.me/1654883387-DxN9w07M/c/01M1K7WEG6CAYRGR5GHWZ94XNG
pVFQ7jG	https://liff.line.me/1654883387-DxN9w07M/c/01M1K8YKMPYJSB5GQ6EEDTRFD2
vSA7Zxu5	https://liff.line.me/1654883387-DxN9w07M/c/01M1K9GAJHATF0AT1MZCW787DW
vuaxC68d	https://liff.line.me/1654883387-DxN9w07M/c/01M1K7CP12ARKF8EF2YVN2CS9F
saH4yrT	https://liff.line.me/1654883387-DxN9w07M/c/01M1K9E5XWY83KNFKK865CGN7C
TJZp8s4	https://liff.line.me/1654883387-DxN9w07M/c/01M1K888CEJNFHD0DFCSJATSRZ
6HZKxMr	https://liff.line.me/1654883387-DxN9w07M/c/01M1K9NVGD33DMVFSM1JS13VVY
8fWeyhW	https://liff.line.me/1654883387-DxN9w07M/c/01M1K8M6NX50EPBYP7HA8RZE0W
si7qji9	https://liff.line.me/1654883387-DxN9w07M/c/01M1K8Q4GVW6Z43RC01TG964QZ
UtwAzrjf	https://liff.line.me/1654883387-DxN9w07M/c/01M1K9HZE16170V78W31JW36JX
PLfF01V	https://liff.line.me/1654883387-DxN9w07M/c/01M1K81VFFG20F3Q9239HS9Q6Q
nar6FMu	https://liff.line.me/1654883387-DxN9w07M/c/01M1K9B7CGM53Z284EXBQXBKQJ
n5cDwZA	https://liff.line.me/1654883387-DxN9w07M/c/01M1K9KWZB05YJ0821RJTH9VFX
wzgWKRj	https://liff.line.me/1654883387-DxN9w07M/c/01M1K8VZMWQX0C9Q0HR89RV85M
59VBJso	https://liff.line.me/1654883387-DxN9w07M/c/01M1K9QHWXHCWTMNM5HAPMCQK7
TkeJqInx	https://liff.line.me/1654883387-DxN9w07M/c/01M1K7RTVPS4TWQZ2C1ZSRJXZW
VayWbgb	https://liff.line.me/1654883387-DxN9w07M/c/01M1K84Q92Q2YA9ZP1GVYZ80MW
PGX5Uk9	https://liff.line.me/1654883387-DxN9w07M/c/01M1K3D78SVAQY4EFR8Y8QG5X7
TUTxeDL	https://liff.line.me/1654883387-DxN9w07M/c/01M1K0J3MQMTP3P9RMV0RA7BWB
nfZ9huC	https://liff.line.me/1654883387-DxN9w07M/c/01M1K2WXDEC227YKCPG7BEJQ8T
oNFsjPf	https://liff.line.me/1654883387-DxN9w07M/c/01M1K3081866TNB6GANYG9A6SN
9nllAXf	https://liff.line.me/1654883387-DxN9w07M/c/01M1K2RNJMSRJBRK4AQQTC41WT
pP9d1Px	https://liff.line.me/1654883387-DxN9w07M/c/01M1K2D42FSZ5WFWQ02863AGY1
wd23sQ4	https://liff.line.me/1654883387-DxN9w07M/c/01M1K1HW5WFZ4PB390ZMZ2DZ7E
ykm8MFh	https://liff.line.me/1654883387-DxN9w07M/c/01M1K1W30WHMDME7S51VBWK5SV
sus7G3a	https://liff.line.me/1654883387-DxN9w07M/c/01M1K3B7TSNY813VWPAF67E4DE
QD9kqwf	https://liff.line.me/1654883387-DxN9w07M/c/01M1K3BQGQDZFTG00GRJM51KE0
ZImHXO1	https://liff.line.me/1654883387-DxN9w07M/c/01M1JT41PV58J6RCSE115XCT1Q
yWF0nkm	https://liff.line.me/1654883387-DxN9w07M/c/01M1JS30WQC90RB9FRR2E0RQWQ
oiAxd9G	https://liff.line.me/1654883387-DxN9w07M/c/01M1JXNDZXJRY83NMX2FCYS4R2
YcPOIlw	https://liff.line.me/1654883387-DxN9w07M/c/01M1JSZQ49778FRB9R944SZCNB
p589taI	https://liff.line.me/1654883387-DxN9w07M/c/01M1KF6J60FC7VQ0J1P0PRK53E
QSrsrke	https://liff.line.me/1654883387-DxN9w07M/c/01M1JSXP208H1RV22GDRKBJRYR
xJjqiUa	https://liff.line.me/1654883387-DxN9w07M/c/01M1JSC5MQ3VTTEF179KQ9EJ8C
ZTOaK7Q	https://liff.line.me/1654883387-DxN9w07M/c/01M1JT98W9T5Q8G1NN3MEF3FE7
qEcNM9w	https://liff.line.me/1654883387-DxN9w07M/c/01M1E0XHD6WF5EBWA2F7B30DFG
wmiuE0n	https://liff.line.me/1654883387-DxN9w07M/c/01M1E0VR29KT84A5HQD6QJEQWV
THnVN62k	https://liff.line.me/1654883387-DxN9w07M/c/01M1E0SJ588BFR806F6QWRKJ5C
vhFWT494	https://liff.line.me/1654883387-DxN9w07M/c/01M1E260V2D9XAY5J5G01GCV2X
OizZgb2	https://liff.line.me/1654883387-DxN9w07M/c/01M1E180N1HNGZ61EGR3P406R3
WlCghWy	https://liff.line.me/1654883387-DxN9w07M/c/01M1GTA4R5A49BJ9P4S9KQT6MY
yCscH9nD	https://liff.line.me/1654883387-DxN9w07M/c/01M1E142V9SS0KJX6GFRFF104E
xI92MJV	https://liff.line.me/1654883387-DxN9w07M/c/01M1E0DTKJBGZJ9BPKH0030292
s1gxucV	https://liff.line.me/1654883387-DxN9w07M/c/01M1EB2B0EDTP1W3EC35KKX6S2
N6Iy9Or	https://liff.line.me/1654883387-DxN9w07M/c/01M1E1P30MNHA7K0TV5849RTBC
rv8By2l	https://liff.line.me/1654883387-DxN9w07M/c/01M1E0ZAN14A315HMVHJGF99ZE
5t8EJHI	https://liff.line.me/1654883387-DxN9w07M/c/01M1E0NC7J5PF3J0YXJKVQMXPX
PuaKA54	https://liff.line.me/1654883387-DxN9w07M/c/01M1GR17XYC7ZZK0TM5FKZTJTV
ReA7kmv	https://liff.line.me/1654883387-DxN9w07M/c/01M1GQPRMD3PYC8R1Q421FFN1Q
PuWtTsF	https://liff.line.me/1654883387-DxN9w07M/c/01M1GQC4ZQMB7PJNFX53JDEHM5
uJJrE9X	https://liff.line.me/1654883387-DxN9w07M/c/01M1GQTTQGH8T9C8VFJ9GR6FWZ
P0vmXLA	https://liff.line.me/1654883387-DxN9w07M/c/01M1EB0NC0R2D7GWVDKWHKNQ1A
yNi1yX5	https://liff.line.me/1654883387-DxN9w07M/c/01M1EA5744RVX7RAWK5SPVSGM2
5ZrY4s6R	https://liff.line.me/1654883387-DxN9w07M/c/01M1E9Y7KFC6E466X20WEPDSEP
pXZEoGWs	https://liff.line.me/1654883387-DxN9w07M/c/01M1EA12N29EVWNMV6BB294308
oXP77Qm	https://liff.line.me/1654883387-DxN9w07M/c/01M1JNGNVXMHYV4EZWCFY3512H
W7q8ksN	https://liff.line.me/1654883387-DxN9w07M/c/01M1JQ1F6AH1S9V9P495B211ZZ
t39px7A	https://liff.line.me/1654883387-DxN9w07M/c/01M1JMS7K36VH4MC1R696SNVAB
Z1oedsf	https://liff.line.me/1654883387-DxN9w07M/c/01M1JMTH57H5J3K8FAFCGPEKE3
Q2gUwSd	https://liff.line.me/1654883387-DxN9w07M/c/01M1JNAA5H0YA9DQPRVDE75KWP
8KBl0s8	https://liff.line.me/1654883387-DxN9w07M/c/01M1JMNFA227WGBHFSMJXKYEG8
YAjVHF3	https://liff.line.me/1654883387-DxN9w07M/c/01M1JNR5KD7533RYVP9509871E
Pk6JXRW	https://liff.line.me/1654883387-DxN9w07M/c/01M1JN5F5E3XEE2CSMKA4SW16X
ybawIZ1	https://liff.line.me/1654883387-DxN9w07M/c/01M1JP7285XCW2032NV510RAGQ
TQ5vTNk	https://liff.line.me/1654883387-DxN9w07M/c/01M1JMQ64KYH953NTP4K2QKG1C
oIIWBGh	https://liff.line.me/1654883387-DxN9w07M/c/01M1JN4B33VPNWDH3FTS4S6GT4
T45MJ8f	https://liff.line.me/1654883387-DxN9w07M/c/01M1G3WJQY13X69SS071JNVZV9
5wXjFF9	https://liff.line.me/1654883387-DxN9w07M/c/01M1G3N2KGAEC8HBHJCERY5KQ7
yKL0pwG	https://liff.line.me/1654883387-DxN9w07M/c/01M1G420A2ND4ZMP49J9PSPDZP
tVP1tAG	https://liff.line.me/1654883387-DxN9w07M/c/01M1G3GAKZHN6QFN7Y2SMCZQQX
77EHwdT	https://liff.line.me/1654883387-DxN9w07M/c/01M1G3KP14DQ69QFWKK6GT6D93
8C3KTYn	https://liff.line.me/1654883387-DxN9w07M/c/01M1G4BTGDG393YJ2HQ696958X
ztU0NOd	https://liff.line.me/1654883387-DxN9w07M/c/01M1G43S2QRJA9A7BVJ6DYFYMS
7A2qdwJ	https://liff.line.me/1654883387-DxN9w07M/c/01M1G3DBXBD6RDT8FFT98QN72N
99LNJYx	https://liff.line.me/1654883387-DxN9w07M/c/01M1G4NE75E2PG6M5503DBTRMQ
ypginpV	https://liff.line.me/1654883387-DxN9w07M/c/01M1G4HVXNQC3P488WFPKDWDCF
tKcUgat	https://liff.line.me/1654883387-DxN9w07M/c/01M1G4ZQFAKC93THSM3JAN64CG
WhqVa84	https://liff.line.me/1654883387-DxN9w07M/c/01M1G4FKYXS0VMVAVH6K70JAWQ
RhOq9MT	https://liff.line.me/1654883387-DxN9w07M/c/01M1K348C8RSWBJ7GRJW4GQH1B
vwLhYfb	https://liff.line.me/1654883387-DxN9w07M/c/01M1JNBFWV8EDWFSA1CJPYHRV2
9ECer6h	https://liff.line.me/1654883387-DxN9w07M/c/01M1JND3ZS55R14A02YEKHQWF0
91eNlQH	https://liff.line.me/1654883387-DxN9w07M/c/01M1JN4G7QKER9SHPRBQT33PVR
XybrZ2g	https://liff.line.me/1654883387-DxN9w07M/c/01M1JN2J5PRAF0X4XH6M2C5QR7
94by55q	https://liff.line.me/1654883387-DxN9w07M/c/01M1JN7YM8C4XB4MSFXHBK3R5R
7FEy4nT	https://liff.line.me/1654883387-DxN9w07M/c/01M1JP1B9N2M2HV1C54MYB3Z0A
Te56iHk	https://liff.line.me/1654883387-DxN9w07M/c/01M1JNSJX2MDQ7JM8AB7M105PH
nXDPrFf	https://liff.line.me/1654883387-DxN9w07M/c/01M1JN0JMVTPQ46VE64N82Y9K3
PqJKUQu	https://liff.line.me/1654883387-DxN9w07M/c/01M1JN9X3WBR1DB71PB3V61413
NOzqhRa	https://liff.line.me/1654883387-DxN9w07M/c/01M1JNF9R51FTFKF53SXGJJJA2
x5Mnd76	https://liff.line.me/1654883387-DxN9w07M/c/01M1K3WFJZE9540GPSW7FQRMKV
xcqK2MJ	https://liff.line.me/1654883387-DxN9w07M/c/01M1K3Y0BYCYPDF824MA1ZWSB5
SDfhjGG	https://liff.line.me/1654883387-DxN9w07M/c/01M1K3SPGHX4Y177DEF2B4PVZW
YL4kdql	https://liff.line.me/1654883387-DxN9w07M/c/01M1K3ZHMS4G0XJKXV85VPMNBQ
QmiHujG	https://liff.line.me/1654883387-DxN9w07M/c/01M1K3NYE9PQEN9BB9ZBYP6HA1
7XcJJo4	https://liff.line.me/1654883387-DxN9w07M/c/01M1K4FPHAZ4NZXY5BGRS0NHDW
SZOfAYf	https://liff.line.me/1654883387-DxN9w07M/c/01M1K6GJH9C1SN8QGF2MC2JN6H
pQN4k1f	https://liff.line.me/1654883387-DxN9w07M/c/01M1K6S1MT8JVXDFC7R269Q68S
o09RTzy	https://liff.line.me/1654883387-DxN9w07M/c/01M1K6KCMTDZ97DEHYMKTBXSRZ
TCXZzJP	https://liff.line.me/1654883387-DxN9w07M/c/01M1K6Y42RE9D9BRQ4KDYEQDJE
87IKYP9	https://liff.line.me/1654883387-DxN9w07M/c/01M1K537VZKQES330MSD0TFDD3
nB9Vqqv	https://liff.line.me/1654883387-DxN9w07M/c/01M1K4XFSJJ52TDFR2G4X9M8RQ
YR2xt1Z	https://liff.line.me/1654883387-DxN9w07M/c/01M1K4R00TYXKE6X9BJVYADCQZ
YSQxBoR	https://liff.line.me/1654883387-DxN9w07M/c/01M1K6740KFKG9CW4G9D6FPNH4
VqWZhZ5	https://liff.line.me/1654883387-DxN9w07M/c/01M1K6E5V3C682D1NY2N9EAMSC
rD7kipo	https://liff.line.me/1654883387-DxN9w07M/c/01M1K6VTAZ2B3HY78RWAGCZ0CW
ZKX159K	https://liff.line.me/1654883387-DxN9w07M/c/01M1K73MAB83X8PRXT2S5MFEA0
vuLmnJJ	https://liff.line.me/1654883387-DxN9w07M/c/01M1K6XPM119NMTQVMFWMHZTAC
tIEVifl	https://liff.line.me/1654883387-DxN9w07M/c/01M1K7097ZSKZ5Q29PPENWFDT7
vJLGMpQ	https://liff.line.me/1654883387-DxN9w07M/c/01M1K71MQEDCJYMZH5N282D34K
RRZW8v7	https://liff.line.me/1654883387-DxN9w07M/c/01M1JW2VRQ78MJJE09159Z2N43
ujJuXj0	https://liff.line.me/1654883387-DxN9w07M/c/01M1JW6MD8ZQYSQ81A78A0X41P
N9ztcQs	https://liff.line.me/1654883387-DxN9w07M/c/01M1JVZ4VTX23R3NEQ7DSBBHWT
ny8t5uU	https://liff.line.me/1654883387-DxN9w07M/c/01M1JW4PT2PPHKB6N86ZABRXDW
NoSbfkR	https://liff.line.me/1654883387-DxN9w07M/c/01M1GARKARKXZ4PXVM0JPXKWAQ
o3NsYxR	https://liff.line.me/1654883387-DxN9w07M/c/01M1JN7A7TAKSNSN0CT19561KK
pIJWrfq	https://liff.line.me/1654883387-DxN9w07M/c/01M1GAZ3K5QRZ96T6C6K20321D
oM6CRPO	https://liff.line.me/1654883387-DxN9w07M/c/01M1JN1QGM6EBVACEVM01Y4VQN
TSZ5FQE	https://liff.line.me/1654883387-DxN9w07M/c/01M1E9A0PQA2PBYCNW8RRM8C0A
U2KWNuL	https://liff.line.me/1654883387-DxN9w07M/c/01M1E95740HWZS1YWAY17R94BM
8BJX2yK	https://liff.line.me/1654883387-DxN9w07M/c/01M1E8V9D7RE640ET4GS36MM3F
qqqDOUZ	https://liff.line.me/1654883387-DxN9w07M/c/01M1E92RN8HVENRVSYPVR1KA1X
u4fiNfk	https://liff.line.me/1654883387-DxN9w07M/c/01M1JZ7ZWW253EDTK1EF0QVW1W
Sl3A2uA	https://liff.line.me/1654883387-DxN9w07M/c/01M1JZ4ZVHSG2CK388QEZ02997
YEGguuP	https://liff.line.me/1654883387-DxN9w07M/c/01M1JZA4MPBC7ZE3A8S39G1850
5dtP2gm	https://liff.line.me/1654883387-DxN9w07M/c/01M1JZ6JJ835XNEA8NHM67QZVK
V15nma7	https://liff.line.me/1654883387-DxN9w07M/c/01M1JYWP1PQB4Z2WGT08Z06Q25
SQvSNiU	https://liff.line.me/1654883387-DxN9w07M/c/01M1JZBP93M52PM66Z5C44VQ9Z
Q3pRqMb	https://liff.line.me/1654883387-DxN9w07M/c/01M1JZ156VNNE34W2ET3ZA0Q1R
UHT7qrf	https://liff.line.me/1654883387-DxN9w07M/c/01M1JYV547MBQVP01R2W5B52A4
Skh4K4R	https://liff.line.me/1654883387-DxN9w07M/c/01M1JYR4A7RYK66SVBMBCEN490
Sbbc7b3	https://liff.line.me/1654883387-DxN9w07M/c/01M1JYSG7ASQ6636FN4NWNQ1Y5
5MB46Qa	https://liff.line.me/1654883387-DxN9w07M/c/01M1KB7JPJPVBKJEYV4994227F
SJISlmx	https://liff.line.me/1654883387-DxN9w07M/c/01M1KBQK7R4A7W3AGNMCZEY9EK
5GC8Xm0	https://liff.line.me/1654883387-DxN9w07M/c/01M1KH1Y5YA6D8TJWWCQNER5K2
XrYFXZU	https://liff.line.me/1654883387-DxN9w07M/c/01M1KG3CATNXXZ8182WMDZK8FB
somWdT3	https://liff.line.me/1654883387-DxN9w07M/c/01M1GW3J9R5VAEZZ0XHDYFXM3C
O4VfVqx	https://liff.line.me/1654883387-DxN9w07M/c/01M1GW5BGJT1G0Y5Z66MDGQX5V
ssEJkSe	https://liff.line.me/1654883387-DxN9w07M/c/01M1GW128BRMQBPHJFXS5KMHJJ
RktIzwz	https://liff.line.me/1654883387-DxN9w07M/c/01M1GW7EAHN9D4QJD89RG2W1EB
sNFUKbu	https://liff.line.me/1654883387-DxN9w07M/c/01M1GYPNP4W9M2QJKESDKVH30B
qFCWjG4	https://liff.line.me/1654883387-DxN9w07M/c/01M1GXQW3BQYGTBQMADAA8NNWH
7W178Rr	https://liff.line.me/1654883387-DxN9w07M/c/01M1GXXRQXA4H80B8CH62FBVBM
ZUnAWhg	https://liff.line.me/1654883387-DxN9w07M/c/01M1DZY0Q0X4HKJ51YSTETNFCP
VBUblsr	https://liff.line.me/1654883387-DxN9w07M/c/01M1E02F3Y2ZQMM0WZEXENNF65
tQ335Ei	https://liff.line.me/1654883387-DxN9w07M/c/01M1E07K1PG2S98GGKBRMSP6AN
Prwl6sA	https://liff.line.me/1654883387-DxN9w07M/c/01M1E00GWRZ7Z2PJ8E4FKV2C45
UrKx6l6	https://liff.line.me/1654883387-DxN9w07M/c/01M1E06A9C8M1R3AKT3W4WP994
PNfiHFIP	https://liff.line.me/1654883387-DxN9w07M/c/01M1E040J3Z6Y2JPRBE90YHZ1C
XugP5r2	https://liff.line.me/1654883387-DxN9w07M/c/01M1E08QAHE168CC8Y03TCBKDH
pzaSLnl	https://liff.line.me/1654883387-DxN9w07M/c/01M1E058DCD3X1M50PEXT835NA
oFyah9u	https://liff.line.me/1654883387-DxN9w07M/c/01M1K33FNC2YQN4WM5Y4ZV73D9
Nxqnbx5	https://liff.line.me/1654883387-DxN9w07M/c/01M1K2WGDB49FJ04SCJXB7YMC3
nGWR09K	https://liff.line.me/1654883387-DxN9w07M/c/01M1K2Z7PK7HH77ED9DSMPFCK7
P9fVJdE	https://liff.line.me/1654883387-DxN9w07M/c/01M1K30ZB5Z6EJ7HK2JNXJ7FFB
oQKPtS8	https://liff.line.me/1654883387-DxN9w07M/c/01M1K6PWE9VW4EJVV4W5HGE019
ZbFrmNk	https://liff.line.me/1654883387-DxN9w07M/c/01M1K6T9VWX8GPT6R2FRXK54JQ
P6ltc6D6	https://liff.line.me/1654883387-DxN9w07M/c/01M1KDFGYDAP3WRG1WZ7YYGHF3
QwByvhE	https://liff.line.me/1654883387-DxN9w07M/c/01M1K62KFKMAWVE72ZXJKYPN2P
WWR41GV	https://liff.line.me/1654883387-DxN9w07M/c/01M1K5RH97NDNP3DJ8B2P716VE
rbePBBj	https://liff.line.me/1654883387-DxN9w07M/c/01M1K6Z3GPRT6VW2QK0EJ2RBQK
63ZT7vI	https://liff.line.me/1654883387-DxN9w07M/c/01M1K7GH0DPEM3V5K9KQGKBCSA
qJ5o20i	https://liff.line.me/1654883387-DxN9w07M/c/01M1K74SB6KX9WR8EB4STG5D2K
yvcElyIT	https://liff.line.me/1654883387-DxN9w07M/c/01M1K6PKZC2D623HEVRSA2GJBJ
5HzMX8D	https://liff.line.me/1654883387-DxN9w07M/c/01M1K7112KK5Q92NXV06YH6VAF
sT5p3Au	https://liff.line.me/1654883387-DxN9w07M/c/01M1K7C3M0AGSY4BKRFB4RGV5X
7GwqTnP	https://liff.line.me/1654883387-DxN9w07M/c/01M1K7E75RJ8S79CVM0M1NDPQ6
StMmmLn	https://liff.line.me/1654883387-DxN9w07M/c/01M1E3TH7FXX1EXFW43G22WY6W
UGl6zqC	https://liff.line.me/1654883387-DxN9w07M/c/01M1E3K17EMBQAA8RDF4DCTYPW
596HcyS	https://liff.line.me/1654883387-DxN9w07M/c/01M1E3Q7J8PPRVAPSBZK6R5NN9
W7INUo3	https://liff.line.me/1654883387-DxN9w07M/c/01M1K7S18X19SNE4ZR9J3C8JCH
PZS71MA	https://liff.line.me/1654883387-DxN9w07M/c/01M1K7VP1Y11Z6D6S9X1Z7DPK7
shYffrl	https://liff.line.me/1654883387-DxN9w07M/c/01M1H0BXG94X6XXXCV3V31NR0S
Q3wsLGe	https://liff.line.me/1654883387-DxN9w07M/c/01M1H09GWXQRAFST3J1HE19SKY
s0rB9dT	https://liff.line.me/1654883387-DxN9w07M/c/01M1H0ASCBJNA2HS5X7EZWDQ59
qqtB3oA	https://liff.line.me/1654883387-DxN9w07M/c/01M1H06ZMZ9A4DS6RHRG3S3BTQ
n08Wj10	https://liff.line.me/1654883387-DxN9w07M/c/01M1KACV2QB8DF7XRE7KTPZZ3A
Wz5MtDq	https://liff.line.me/1654883387-DxN9w07M/c/01M1KA0PFJJQ629K9BKYM6F5J7
t5Vhfj5	https://liff.line.me/1654883387-DxN9w07M/c/01M1KA3BSDCMFKWW8YQQAN5CFP
XEL6JmL	https://liff.line.me/1654883387-DxN9w07M/c/01M1KA73WQE15K7VP0A2ZT17MQ
zBADrxA	https://liff.line.me/1654883387-DxN9w07M/c/01M1GF50QFPD6QKV3W0V9WNVEZ
q22Xnoi	https://liff.line.me/1654883387-DxN9w07M/c/01M1GFCV9TG11GA3Z8VQY6H892
PhWqcc0	https://liff.line.me/1654883387-DxN9w07M/c/01M1GFH5AM7Q3Q42NH9SY8ES1C
Vp4aUiB	https://liff.line.me/1654883387-DxN9w07M/c/01M1GFJ3F3EKP61TGXS4RWE7Q9
7UbdwSO	https://liff.line.me/1654883387-DxN9w07M/c/01M1GF6QND68TYWV7CJ676DGS0
UVlBzJmk	https://liff.line.me/1654883387-DxN9w07M/c/01M1GFAGD8MCHQ4K1A3WEGRRFG
r4EoEPI	https://liff.line.me/1654883387-DxN9w07M/c/01M1GF9CGDJ7ERK6FVMXATM9EH
WfiQkkY	https://liff.line.me/1654883387-DxN9w07M/c/01M1GF8528BZRABZV50GP33J0A
TvWlXi0	https://liff.line.me/1654883387-DxN9w07M/c/01M1GFEPAWPMTEWAXB229ZWBDE
o2QZhWI	https://liff.line.me/1654883387-DxN9w07M/c/01M1GFBWF4GNGNSK6G5NQTHC67
r9MQCqb	https://liff.line.me/1654883387-DxN9w07M/c/01M1GFG89SNVYVK2M1BM9P73B9
90DcANj	https://liff.line.me/1654883387-DxN9w07M/c/01M1GFKV38PSKPFAXHBXVA9Q6F
slJensL	https://liff.line.me/1654883387-DxN9w07M/c/01M1GJB3DJV2MBQ1KW3GCC2J2M
pULgSQU	https://liff.line.me/1654883387-DxN9w07M/c/01M1GJEPQHFYR969GC9PJNJ4RD
5wsJbDa	https://liff.line.me/1654883387-DxN9w07M/c/01M1GJND8H2VQMGYYSY5RWBJCJ
7jDjBfK	https://liff.line.me/1654883387-DxN9w07M/c/01M1GJXGT1Y61BEA6EB1F4S5Y2
P76FHtL	https://liff.line.me/1654883387-DxN9w07M/c/01M1GJZBH9RCMXVN9Q9N4B4NWA
945EI9W	https://liff.line.me/1654883387-DxN9w07M/c/01M1E6JBBKKENMZNQPAQ3DFM99
YBUqfLK	https://liff.line.me/1654883387-DxN9w07M/c/01M1E7HT878TBGY1RSHQK6J25R
pNhZWfLz	https://liff.line.me/1654883387-DxN9w07M/c/01M1E768Y2TBPJNKR1B4JMDK06
S8vUnc0	https://liff.line.me/1654883387-DxN9w07M/c/01M1E8DWDMTZWN1VEQB8T0665V
PaJzq7K	https://liff.line.me/1654883387-DxN9w07M/c/01M1GJJYFE13GCY136Y94ZQ9B2
ufz64rZ	https://liff.line.me/1654883387-DxN9w07M/c/01M1GJR2G7BM75DGR7KWZQ9RND
SP2pkLX	https://liff.line.me/1654883387-DxN9w07M/c/01M1GJTNXHCHGRR7QBZGNS5CCV
vnyQJ78	https://liff.line.me/1654883387-DxN9w07M/c/01M1GK00ZX6C5SAZ5NXP1R5F4Y
T2OZYar	https://liff.line.me/1654883387-DxN9w07M/c/01M1GK8AEAFPYHVAG8RHS0Q2CA
uKyhKKQ	https://liff.line.me/1654883387-DxN9w07M/c/01M1GKAMEWZQK36WG44Y0S7N7F
OUWCEv9	https://liff.line.me/1654883387-DxN9w07M/c/01M1GKDV6JJ660TY6YYNNMQDGF
qg29KTt	https://liff.line.me/1654883387-DxN9w07M/c/01M1GKFGE5EMR2W31PN8QK9WRN
sawIsWZ	https://liff.line.me/1654883387-DxN9w07M/c/01M1GKH0ZYMQ2Z3X35SMR231KZ
vHTh2fr	https://liff.line.me/1654883387-DxN9w07M/c/01M1KHZKZQHSZ3AYNXM6CGVK5N
5J7epgw	https://liff.line.me/1654883387-DxN9w07M/c/01M1KJ3H8TF5372FDK70RMYXPT
ZpDUuZo	https://liff.line.me/1654883387-DxN9w07M/c/01M1KJ6CXYH4TVZ3XPSWE5X863
z6eMZzU	https://liff.line.me/1654883387-DxN9w07M/c/01M1KJ97S31ZX5GCE6BV5BDX8S
ZVGzZqL	https://liff.line.me/1654883387-DxN9w07M/c/01M1KJBQ22BP54EWTP6FSD0W6E
rVw1u7T	https://liff.line.me/1654883387-DxN9w07M/c/01M1KJE78SWGF3D2M8HWESRWJ8
WJGwiNg	https://liff.line.me/1654883387-DxN9w07M/c/01M1KJGSN1Z3V86SEDTM96DMT3
TdJJNdD	https://liff.line.me/1654883387-DxN9w07M/c/01M1KJMAP8D7HSFJHC4NV4D0J3
ngzFqq5	https://liff.line.me/1654883387-DxN9w07M/c/01M1KJPJ4KR5ZRZ2F8DK48R99N
u9Cf9zG	https://liff.line.me/1654883387-DxN9w07M/c/01M1KJR5DZKMX4J1MSBJP6KC69
Oo3V5j1	https://liff.line.me/1654883387-DxN9w07M/c/01M1KJWQBWF63JJVYPS674D9FH
RQW1WlZ	https://liff.line.me/1654883387-DxN9w07M/c/01M1KJZ1EV21G88NZ0JQMBEYDS
ZTHaxuMA	https://liff.line.me/1654883387-DxN9w07M/c/01M1KKA87QDSD4X0N4FGCWVZNV
NllszLY	https://liff.line.me/1654883387-DxN9w07M/c/01M1JYWCAA72Q148FESXTGS4ZX
Zx4gomd8	https://liff.line.me/1654883387-DxN9w07M/c/01M1JYYMB75KGPSM2CPCCXEA5B
xgEcduw	https://liff.line.me/1654883387-DxN9w07M/c/01M1JZ226TPARZP3V00RYGKR0J
vLsrThV	https://liff.line.me/1654883387-DxN9w07M/c/01M1JZ4WAAJ4AMRRB5D6HZEC61
od7c3FE	https://liff.line.me/1654883387-DxN9w07M/c/01M1JZ6EB8DPQYG4XWBMXTXX4J
rIRRm2oG	https://liff.line.me/1654883387-DxN9w07M/c/01M1JZ7Y62YYWKHGRFAH0Y41RQ
8vGLg13	https://liff.line.me/1654883387-DxN9w07M/c/01M1JZ9VP5EEMY8E7JPP2884GA
N8N53C8	https://liff.line.me/1654883387-DxN9w07M/c/01M1JZDK8V0BFY0R521XFE2PHK
6MXlzET	https://liff.line.me/1654883387-DxN9w07M/c/01M1K6J35DGWHA8Z59V78XVDV3
uEkeETF	https://liff.line.me/1654883387-DxN9w07M/c/01M1K6V7VYJBVKCJVYZV73K1SB
QlgZ79L	https://liff.line.me/1654883387-DxN9w07M/c/01M1K70DG9EJMYNY43JS5B5PPS
ydwCkmY	https://liff.line.me/1654883387-DxN9w07M/c/01M1K7DKRW939MX0VR9VWW8CMS
6kgjSJZ	https://liff.line.me/1654883387-DxN9w07M/c/01M1K7TPMM9146Z5DW90RRV1QG
p81NHiP	https://liff.line.me/1654883387-DxN9w07M/c/01M1GMQD22YDFCTSHWZRGAT8PW
rHnY56d	https://liff.line.me/1654883387-DxN9w07M/c/01M1GMSEJGA4JNGR1H4STK3N5F
yuuhvBz	https://liff.line.me/1654883387-DxN9w07M/c/01M1GMVKFDMTWM2Y7AVTKS4NCV
8HVSpxQ	https://liff.line.me/1654883387-DxN9w07M/c/01M1GN4JQ9HJP4Z7VTDVXHPWVZ
QajWDao	https://liff.line.me/1654883387-DxN9w07M/c/01M1GN7DRA4KK4SSCVFMBHPTQJ
wH7tTAW	https://liff.line.me/1654883387-DxN9w07M/c/01M1GNC5WSQXRB53J40S00H3KZ
SCjf8Pt	https://liff.line.me/1654883387-DxN9w07M/c/01M1GNYCZ78VDRF4Z7AY2W8DD9
T5PanVd	https://liff.line.me/1654883387-DxN9w07M/c/01M1GW0G1GYG7471TASZ9KJTH2
O5JzpAd	https://liff.line.me/1654883387-DxN9w07M/c/01M1GP0DDDV7H82534PK9ECBY7
uKhH03c	https://liff.line.me/1654883387-DxN9w07M/c/01M1GP410596Q6GHYF2YBMWRNH
zWD4896	https://liff.line.me/1654883387-DxN9w07M/c/01M1GP9P81Z63TY3VMMBYVW8F5
RzAR0WX	https://liff.line.me/1654883387-DxN9w07M/c/01M1GT53W435V6Z4FBA0FZD9NJ
yTHSS03	https://liff.line.me/1654883387-DxN9w07M/c/01M1GV683FDPPM3PRMZYQ7MQCY
ULfcxtt	https://liff.line.me/1654883387-DxN9w07M/c/01M1GVAE74R04AHSAZS3Z9XNB8
TBuTVOp	https://liff.line.me/1654883387-DxN9w07M/c/01M1JTP81DNY4GD7R650KNETSC
8gdaUVi	https://liff.line.me/1654883387-DxN9w07M/c/01M1JW36G5WRNTMBVM1HYPGAG0
TqEn7hB	https://liff.line.me/1654883387-DxN9w07M/c/01M1JWQEXTY3MK7H4SAJNSPT6W
nzCO9xe	https://liff.line.me/1654883387-DxN9w07M/c/01M1JXEBQZAW0Q6992TH62CZ98
s1CetXk	https://liff.line.me/1654883387-DxN9w07M/c/01M1JYJ4FA6T8SYM2WVY5ET7PP
QnusBfY	https://liff.line.me/1654883387-DxN9w07M/c/01M1JZ2ZKG5WKT211VRP2AK7F2
PPQBZS1	https://liff.line.me/1654883387-DxN9w07M/c/01M1JZSAAQH1CFDDJ4J8HJ7C9H
T0YVhBO	https://liff.line.me/1654883387-DxN9w07M/c/01M1JY7SE0296GCCJES0VSXQZN
5Kxt66h	https://liff.line.me/1654883387-DxN9w07M/c/01M1JZH20EX773TETMRJ3PMBJN
Z9ufzqk	https://liff.line.me/1654883387-DxN9w07M/c/01M1JYNKN3S2VVWQY0B538AZM9
tlk2QNR	https://liff.line.me/1654883387-DxN9w07M/c/01M1KTM06Z2E929HBDQPDGYZ80
RmJTjQn	https://liff.line.me/1654883387-DxN9w07M/c/01M1KTY8JBB3K18MGQSQYFYM4H
UMIOOkmT	https://liff.line.me/1654883387-DxN9w07M/c/01M1KW17E0QS2V4M1RDSA3HZH8
uixtQ7J	https://liff.line.me/1654883387-DxN9w07M/c/01M1KV6DJP3TB3T6AZ835V6VSC
W8dqSOf	https://liff.line.me/1654883387-DxN9w07M/c/01M1KV9T92Y410FQV8RJ3R1A5W
n87rEJR	https://liff.line.me/1654883387-DxN9w07M/c/01M1KVFCNYRRD253W4YDJ4CBNS
ZtrW6ke	https://liff.line.me/1654883387-DxN9w07M/c/01M1KVH012Y188FFH14GDXRM8Q
VvzQGlp	https://liff.line.me/1654883387-DxN9w07M/c/01M1KVMF6J54ERVJ7YGEFHRMZZ
OUoa2Ev	https://liff.line.me/1654883387-DxN9w07M/c/01M1KVT757XHCDAYHWYJRQ9T7G
uxugz55	https://liff.line.me/1654883387-DxN9w07M/c/01M1KVRYXZAV3XVAY0KZ64TCDN
RVMevOZ	https://liff.line.me/1654883387-DxN9w07M/c/01M1KVVVP9QK4CV6RFMBX666CS
q9afulW	https://liff.line.me/1654883387-DxN9w07M/c/01M1KVYDJ66Z50K8A6GHKHKHJN
WgeCVL5	https://liff.line.me/1654883387-DxN9w07M/c/01M1JYHRSENZSYKDAX0ZF0WA8E
O4ie6qM	https://liff.line.me/1654883387-DxN9w07M/c/01M1KS6X1F4TYNDAQQT6FV20XM
vmG73a5	https://liff.line.me/1654883387-DxN9w07M/c/01M1JY2HDBBN8XB93R2V48MV6P
OA3c7Mr	https://liff.line.me/1654883387-DxN9w07M/c/01M1JY6X3BQ2AQXZ8ER9MJDQPW
rFOFhMp	https://liff.line.me/1654883387-DxN9w07M/c/01M1JY5DMP9R1WB0JFSE3Z34K5
vWcxLus	https://liff.line.me/1654883387-DxN9w07M/c/01M1JY9AWFHW2SBPQ9Y015AWAQ
YeQUSWK	https://liff.line.me/1654883387-DxN9w07M/c/01M1JYCYTCE3F6D48FXGH1GDF1
WAmUxCJ	https://liff.line.me/1654883387-DxN9w07M/c/01M1KDF8MPXK5JQK72MY64ECF1
n8lxSgq	https://liff.line.me/1654883387-DxN9w07M/c/01M1KD1VFVM169T3JAZ73D8KT9
9OdIzi6	https://liff.line.me/1654883387-DxN9w07M/c/01M1KE96Y8DRXC57GTBP9GAE2F
qBNBah4	https://liff.line.me/1654883387-DxN9w07M/c/01M1JYSN45B8MNX3SGWP7W6S9H
z4Xr29Y	https://liff.line.me/1654883387-DxN9w07M/c/01M1JYVH0XW0PBFT0Q8ET2FK4Z
paNzbYe	https://liff.line.me/1654883387-DxN9w07M/c/01M1JYEN2PTCZ2BKKVH687542Z
PxecvZO	https://liff.line.me/1654883387-DxN9w07M/c/01M1M6FEYXNTHDPWNXD3R4A9SM
oLqgoyM	https://liff.line.me/1654883387-DxN9w07M/c/01M1M79C3KR0YC0CP2FCCHYJTV
Z2K2FV0	https://liff.line.me/1654883387-DxN9w07M/c/01M1M751DH0C1HZF9GQDH8JS90
6mhTk9K	https://liff.line.me/1654883387-DxN9w07M/c/01M1M735V337RK2H89M9CT8YW0
vtj8HYW	https://liff.line.me/1654883387-DxN9w07M/c/01M1M6WP5317W3S9NFEZZ0CQAT
z8C63dF	https://liff.line.me/1654883387-DxN9w07M/c/01M1M785ZZNGGXDV7JEGBGQ54S
xlHg3Hb	https://liff.line.me/1654883387-DxN9w07M/c/01M1M6ZKKG1NH16H7FDNDPX7AK
pZaZ0gp	https://liff.line.me/1654883387-DxN9w07M/c/01M1M6R3GB771CHNN0N2918PSF
rbMX4MmW	https://liff.line.me/1654883387-DxN9w07M/c/01M1M6N14VS5KGDW9RS4RE0KA6
NafDqhz	https://liff.line.me/1654883387-DxN9w07M/c/01M1M69S1E0MK8X0VG9ASWJ18N
OYapa7T	https://liff.line.me/1654883387-DxN9w07M/c/01M1M6THFTHZ5NTW9EHMDY453M
6v3nifek	https://liff.line.me/1654883387-DxN9w07M/c/01M1M6PRSYQPT1P639C6QHZV89
xLRQmB44	https://liff.line.me/1654883387-DxN9w07M/c/01M1M7E769MFJ47A38CA5SKSAQ
Sz9eBXS	https://liff.line.me/1654883387-DxN9w07M/c/01M1M76Y9BP9FYQJQ4H29SGMSB
w9R0Z0X	https://liff.line.me/1654883387-DxN9w07M/c/01M1GQYXQMSJ991B5YZER7WJ6G
7DpHc7N	https://liff.line.me/1654883387-DxN9w07M/c/01M1GRAXV9NN5B5KA3BDF0WVY5
zpiUEf32	https://liff.line.me/1654883387-DxN9w07M/c/01M1GS3TFC1EXNVTMKGCN11W4E
TpOgYvP	https://liff.line.me/1654883387-DxN9w07M/c/01M1GRTZWR4B29E1TA1WM7WVG3
rjyAy1U	https://liff.line.me/1654883387-DxN9w07M/c/01M1GSRF1ZDK1RHSCQS61B5EZ7
9MXfMGS	https://liff.line.me/1654883387-DxN9w07M/c/01M1GS0E0XD32PN3A3BRRZYP56
XZ5CzHZ	https://liff.line.me/1654883387-DxN9w07M/c/01M1GRN8A9Q9QX8Q98HVF2EVCA
Rm7phzL	https://liff.line.me/1654883387-DxN9w07M/c/01M1GR640P35AQPQHNRA1228FV
pc5MdzF	https://liff.line.me/1654883387-DxN9w07M/c/01M1GQMJ4320XT9A0B4SHAXQRR
O3VflGc	https://liff.line.me/1654883387-DxN9w07M/c/01M1GR2RKQ950JHB872CE3299X
xlvA6ga	https://liff.line.me/1654883387-DxN9w07M/c/01M1K1WD1QHBTJFPECABJZ9T6Z
UxaqX2w	https://liff.line.me/1654883387-DxN9w07M/c/01M1K1NYEDGSREN59GABDKHYA5
9ogcRO7	https://liff.line.me/1654883387-DxN9w07M/c/01M1K0S9Y98S0PNYTDTKC7AA99
RPe0w0p	https://liff.line.me/1654883387-DxN9w07M/c/01M1K119DNFR40KM1W3TC6TM6X
OjVgnSu	https://liff.line.me/1654883387-DxN9w07M/c/01M1K1A5WBDVTZM7RH3P9B0QKE
Pn38aPj	https://liff.line.me/1654883387-DxN9w07M/c/01M1K1CSXR4KF6BP25ME8KAFWW
ZAaxl56	https://liff.line.me/1654883387-DxN9w07M/c/01M1K08JBRX88NE5GCPYBGBK4D
OcdNkSw	https://liff.line.me/1654883387-DxN9w07M/c/01M1K0E4X6VMEBND07PS224779
YB1s947	https://liff.line.me/1654883387-DxN9w07M/c/01M1K20PARYQJPDHYQG4CQXVSN
Tp4wMNX	https://liff.line.me/1654883387-DxN9w07M/c/01M1K22BWM6QPS8MHR15TW2VQ3
6lOWlVm	https://liff.line.me/1654883387-DxN9w07M/c/01M1KFFECQKRWHJK9N7TNSXFSD
pR4aXTm	https://liff.line.me/1654883387-DxN9w07M/c/01M1K27MSFGD0H8PA5KXQPDCC3
9iNhNfO	https://liff.line.me/1654883387-DxN9w07M/c/01M1K1WNZXFJZF8AAZ0831ME10
QwQitf9	https://liff.line.me/1654883387-DxN9w07M/c/01M1K1Z41H61ZBBM7SEDSBC2AC
7amDWly	https://liff.line.me/1654883387-DxN9w07M/c/01M1K21KEZ4J5143BNR46R460J
QzArhSIc	https://liff.line.me/1654883387-DxN9w07M/c/01M1K22HSBMYZBG23J3RHFXYAC
pm6vzkd	https://liff.line.me/1654883387-DxN9w07M/c/01M1K240XGWXSBEW2NC1P5QKEZ
sVlOf7h	https://liff.line.me/1654883387-DxN9w07M/c/01M1K25F5379DBEZGH85ZK131Z
pVVUKCU	https://liff.line.me/1654883387-DxN9w07M/c/01M1K26YV4HWD0E3CWZ22NH8Z3
7OE7dBj	https://liff.line.me/1654883387-DxN9w07M/c/01M1GHT3GSHTWMQAXNFMBSDPV5
6CLJivw	https://liff.line.me/1654883387-DxN9w07M/c/01M1GHXZY4W8GXS5FPG780WMPG
Onclegn	https://liff.line.me/1654883387-DxN9w07M/c/01M1GJ1X2YMF3RTCRRNSQJ1KP6
ocKxFaW	https://liff.line.me/1654883387-DxN9w07M/c/01M1GJ8DPW781YR5MX9G3DXYSP
ZE8QxU6	https://liff.line.me/1654883387-DxN9w07M/c/01M1GJ9VRJHAB25F6MSH4C6V2Y
QdEnSXl	https://liff.line.me/1654883387-DxN9w07M/c/01M1K5RKA6Y04FQDHN6AT7QG0M
uOZG7MmO	https://liff.line.me/1654883387-DxN9w07M/c/01M1K5J0B3MQ40HAY80DKFHZN0
6vItGOm	https://liff.line.me/1654883387-DxN9w07M/c/01M1K5FFP0SAXP8SHPM0XQGGEG
6u5qGyo	https://liff.line.me/1654883387-DxN9w07M/c/01M1K5D679RBMSMF6637KMC53X
Okt0n5w	https://liff.line.me/1654883387-DxN9w07M/c/01M1K5B5VV6TD572158E1AC7X7
Yl3gKaX	https://liff.line.me/1654883387-DxN9w07M/c/01M1K565WN26QB3CWFYN1CM129
8LcgVqW	https://liff.line.me/1654883387-DxN9w07M/c/01M1K54YD137AQRBSG4F3PH906
UUvzWBe	https://liff.line.me/1654883387-DxN9w07M/c/01M1E1CMSQ2NNR99YBCH1JP79D
WVg31Rr	https://liff.line.me/1654883387-DxN9w07M/c/01M1E1HYZ9M3KDG9YS3J78YR46
XTU3pJU	https://liff.line.me/1654883387-DxN9w07M/c/01M1E0ZVB5GQB44X7JD52424A0
OAe2xug	https://liff.line.me/1654883387-DxN9w07M/c/01M1E0RNJ2E919226EB6XN5FMG
7yfCsFV	https://liff.line.me/1654883387-DxN9w07M/c/01M1DVNN2WM15ZVWDRKJYTDD41
Zf0VG1h	https://liff.line.me/1654883387-DxN9w07M/c/01M1DV6RF0V9VNP1GCZR507B3D
tpGF6p5	https://liff.line.me/1654883387-DxN9w07M/c/01M1DV022KAAJ4V7RX8AGPS3T8
qGEKTwR	https://liff.line.me/1654883387-DxN9w07M/c/01M1DVB66X0BJGFBMSPDAXY9HF
vDmDxV4	https://liff.line.me/1654883387-DxN9w07M/c/01M1GN9557N7DXY9ACE0RM0V5K
tNaot62	https://liff.line.me/1654883387-DxN9w07M/c/01M1GNET3J26B17X37H0NR064N
srVMP9b	https://liff.line.me/1654883387-DxN9w07M/c/01M1GNJN80AJT0J2TF91VP484F
q8a1PlD	https://liff.line.me/1654883387-DxN9w07M/c/01M1GNTZAHSWA7EX6H9NCNT9Z6
8NtNZX9	https://liff.line.me/1654883387-DxN9w07M/c/01M1GNYM10G7Z8QSXHF9K6Z3XC
TuXb0ZH	https://liff.line.me/1654883387-DxN9w07M/c/01M1JR6FT3WDNRKDM272Q05WNX
O3DR6uD	https://liff.line.me/1654883387-DxN9w07M/c/01M1JQY674E9D10DQXRTYKQ599
VixjWDc	https://liff.line.me/1654883387-DxN9w07M/c/01M1JQ9VA0ZBMSGWBPSJE86B0C
WjprK5D	https://liff.line.me/1654883387-DxN9w07M/c/01M1JQAYXJGF14V4EHRVQYDSYR
SlhjhPA	https://liff.line.me/1654883387-DxN9w07M/c/01M1JQENVK1TP0E3F15V42RP6X
XtYqswo	https://liff.line.me/1654883387-DxN9w07M/c/01M1JQBMR8ZY23Z1PF71D5WXBG
SXTQ1dv	https://liff.line.me/1654883387-DxN9w07M/c/01M1JQDSHKV7FHM1N2P264GYNC
pjmSj0Q	https://liff.line.me/1654883387-DxN9w07M/c/01M1JQCVGN71TQT0EQPQ3ZEKEF
RZ5Qs9C	https://liff.line.me/1654883387-DxN9w07M/c/01M1GA6HFF7PDMAMK5993EMNPF
nDbY4Q8	https://liff.line.me/1654883387-DxN9w07M/c/01M1G9X8V29R2XH76RCWXYED5P
91pGIG8	https://liff.line.me/1654883387-DxN9w07M/c/01M1G9TMAZQP6N1GWDAAK9KK91
pc7bb4N	https://liff.line.me/1654883387-DxN9w07M/c/01M1G9HJBW05XVZAFFCW8E5FZ8
pbMrkY2	https://liff.line.me/1654883387-DxN9w07M/c/01M1G9ECRP73PKEMXM948JNGCB
ZBy6USI	https://liff.line.me/1654883387-DxN9w07M/c/01M1G9AKTSK438YM3R839RBV9P
VBBJuN4	https://liff.line.me/1654883387-DxN9w07M/c/01M1KJDXN1H8HNWJRHZFJ4BWB8
VfNCcOH	https://liff.line.me/1654883387-DxN9w07M/c/01M1KJWHYFSCHK2984XXW460AV
Pi3Ffqf	https://liff.line.me/1654883387-DxN9w07M/c/01M1KJM830Z1YZG20M4HTK4F6W
V4yaWwT	https://liff.line.me/1654883387-DxN9w07M/c/01M1KM8A5Z3648R9G1NM3TDFR5
NlItwbn	https://liff.line.me/1654883387-DxN9w07M/c/01M1K5MSSYK7GWFHKRNVDN59YN
sIUOsIe	https://liff.line.me/1654883387-DxN9w07M/c/01M1K6MTHV92B3N804JGT9VQD1
vb11bkkT	https://liff.line.me/1654883387-DxN9w07M/c/01M1K6SZJWSWVZGS8KM3BJHXXB
Y6ILYXO	https://liff.line.me/1654883387-DxN9w07M/c/01M1K671736VTCERC0AXK7WMGC
66c05Rh	https://liff.line.me/1654883387-DxN9w07M/c/01M1H2A3X72RHTXGKA2HCGPX8K
XspwAqC	https://liff.line.me/1654883387-DxN9w07M/c/01M1H29B5WFQD219EMV1X09AFN
xvlmXt0	https://liff.line.me/1654883387-DxN9w07M/c/01M1H2882GAS2REHSVSCSAVJSY
ZSvVMph	https://liff.line.me/1654883387-DxN9w07M/c/01M1H276P6QXPB79NDNGW7VFT8
WJxp8y5	https://liff.line.me/1654883387-DxN9w07M/c/01M1H267XKJRG2YQRSF45720K1
pQ43KFp	https://liff.line.me/1654883387-DxN9w07M/c/01M1H0SXV2Q0KJ0QXD9WEB5F1V
wHmaZ2c	https://liff.line.me/1654883387-DxN9w07M/c/01M1H0RX33X8PHV8ZBDWBMPZ5Q
yhrG31q	https://liff.line.me/1654883387-DxN9w07M/c/01M1H0J3GNYJ6WCF6BCYMG3XAC
oASXU1g	https://liff.line.me/1654883387-DxN9w07M/c/01M1H0GJ5SP1PSSSYQAYYCS2Z6
9oFKjXu	https://liff.line.me/1654883387-DxN9w07M/c/01M1E12Y9E0NSDADZ934XZ4P2M
8SxlHep	https://liff.line.me/1654883387-DxN9w07M/c/01M1E0SHHT8GB2VR5KGJ0PS1F5
SC8U4s2	https://liff.line.me/1654883387-DxN9w07M/c/01M1E0XZ0GPYPG3MPQXTR7FN63
x0MdaGw	https://liff.line.me/1654883387-DxN9w07M/c/01M1E1D5S3GPXXS748Z2ER7BC9
ZVhncPX	https://liff.line.me/1654883387-DxN9w07M/c/01M1KB69K3X12M23RC48RC3C6T
T5cK8Ua	https://liff.line.me/1654883387-DxN9w07M/c/01M1KBAKVGN1CC6RCVSJ2WZ43Y
ojPNeGf	https://liff.line.me/1654883387-DxN9w07M/c/01M1JMQJ24W7AHBBREG09R9X91
Q8Rcyy6	https://liff.line.me/1654883387-DxN9w07M/c/01M1JMSH3DP1RV39Q7HHREH06F
9FFcpcN	https://liff.line.me/1654883387-DxN9w07M/c/01M1JMTYZREB1B17A8ZR78CDYT
xfTRb26	https://liff.line.me/1654883387-DxN9w07M/c/01M1JMW7DJ9EX2CRADM45V5QXA
t1qsWNz	https://liff.line.me/1654883387-DxN9w07M/c/01M1K1THJ9PF3WN4KW5NXFFXPD
Qey0TVa	https://liff.line.me/1654883387-DxN9w07M/c/01M1K1VT3WZAK0M681FXZQ9Q0K
96Eqwiz	https://liff.line.me/1654883387-DxN9w07M/c/01M1K1RA4WR0P795KFNHYKD4GJ
TXBUoFg	https://liff.line.me/1654883387-DxN9w07M/c/01M1K07V24CBFCXTH8C7WJCY84
Zo2nDNb	https://liff.line.me/1654883387-DxN9w07M/c/01M1KE26B5DRD70D1S7NDFV56E
y5e94SX	https://liff.line.me/1654883387-DxN9w07M/c/01M0FHM86EHY3GPN075237HFSF
W1cmzVb	https://liff.line.me/1654883387-DxN9w07M/c/01M0FHBDX28GQQ9FV8TDFJNPQ9
VyrbHtz	https://liff.line.me/1654883387-DxN9w07M/c/01M1KDWJNWJD59P7YRHKCS7CE6
nLr2BZr	https://liff.line.me/1654883387-DxN9w07M/c/01M1KG97QT1JER5QT57C6Q1487
zN1bwoX	https://liff.line.me/1654883387-DxN9w07M/c/01M1KFNV5K2ABVW4CXTTT0CZSR
TNPo0sg	https://liff.line.me/1654883387-DxN9w07M/c/01M0J5RDJRM5N95XCGQGQJ631D
xK8dR4b	https://liff.line.me/1654883387-DxN9w07M/c/01M0J5SJJBKXZR26SVQT82STFW
uXHPDFV	https://liff.line.me/1654883387-DxN9w07M/c/01KZTDGE6RPJK7HYEWA0VBE39S
p1kyFNc	https://liff.line.me/1654883387-DxN9w07M/c/01M1KGBG6Y4QPENKP094EP9MXK
xMxzFLp	https://liff.line.me/1654883387-DxN9w07M/c/01KZTCSZ5ZP8JF5RW26586RDK3
P0pHFCo	https://liff.line.me/1654883387-DxN9w07M/c/01M1KFV49ZGRHAE66SFYNZESZ8
5gX94zz	https://liff.line.me/1654883387-DxN9w07M/c/01M1KFQCESWF0KJX23QR6MFE46
sv3JzOH	https://liff.line.me/1654883387-DxN9w07M/c/01M1KG5VF1VW92Z13SS1TJ39JE
oQZ2Y2z3	https://liff.line.me/1654883387-DxN9w07M/c/01M1KFSB52CXM2GQATBSFDNE8K
8FIknJ4	https://liff.line.me/1654883387-DxN9w07M/c/01M1KFSX8X3A19CCMHD90BGRS8
Z5FDMs7	https://liff.line.me/1654883387-DxN9w07M/c/01M0J5MB268B5V7NGT4B2BCFE3
T7kG6D0C	https://liff.line.me/1654883387-DxN9w07M/c/01M1GZ08PMVMB6VNZM46GWP9KC
T3fn8sM	https://liff.line.me/1654883387-DxN9w07M/c/01M1GYGADJ44542YZ9P6WBT2G9
zjOovk0	https://liff.line.me/1654883387-DxN9w07M/c/01M1GZ4CARBKNCE9C7B21QTV1Z
uGmDmOCJ	https://liff.line.me/1654883387-DxN9w07M/c/01M1GYMZ7WS6X6WN02R9TPFCVJ
x69QiaC	https://liff.line.me/1654883387-DxN9w07M/c/01M1GZXV3356WB0FFG91BKERNK
WwtOhvE	https://liff.line.me/1654883387-DxN9w07M/c/01M1GYB0TYYQK1EBFW4E5AGYC7
yPbkX5L	https://liff.line.me/1654883387-DxN9w07M/c/01M1GZV719C2JVYZHRKYAV479B
vmeaDD5	https://liff.line.me/1654883387-DxN9w07M/c/01M1GZP07680S8MF22W9XGPYT3
RdT4b3ah	https://liff.line.me/1654883387-DxN9w07M/c/01M1GYE9E7CN1C212VGJVDVP04
t1i6i9G	https://liff.line.me/1654883387-DxN9w07M/c/01M1FT59HQN93XYG7MWE6X6RF3
qQspZoj	https://liff.line.me/1654883387-DxN9w07M/c/01M1FTQKGDDTS4CF13A5XWSK8Y
sZWslVu	https://liff.line.me/1654883387-DxN9w07M/c/01M1GHKZ0HRC0M6AZ7ZVZ1P2XV
QliwgaK	https://liff.line.me/1654883387-DxN9w07M/c/01M1FTTWXRK5J4P8Q9HX8MQ426
SWojGPQ	https://liff.line.me/1654883387-DxN9w07M/c/01M1GH0EPZ7M1FXZ2VY50D02MY
wTHj8I2	https://liff.line.me/1654883387-DxN9w07M/c/01M1GH2KE7MMD1J2VAF5JZKGP6
vZ7xr6a	https://liff.line.me/1654883387-DxN9w07M/c/01M1KM3CX0B1W7SNW1KTSVH0DR
RfJFlsFZ	https://liff.line.me/1654883387-DxN9w07M/c/01M1KM6CSTZFFPRQRT7D6VR3MG
QpcHoIk	https://liff.line.me/1654883387-DxN9w07M/c/01M1KMEKPAG91FRF2WNDPGSYJK
PNtt40Z	https://liff.line.me/1654883387-DxN9w07M/c/01M1KMHJ1297FA36WK28EHBBTQ
v2H0Q9F	https://liff.line.me/1654883387-DxN9w07M/c/01M1KN3XP5C7W4V83DF9BZT4MG
V8CQbQe	https://liff.line.me/1654883387-DxN9w07M/c/01M1KKXKH6ZBHGQ1YZ1SZC5VG1
nvfyrPs	https://liff.line.me/1654883387-DxN9w07M/c/01M1KM93B7F1M6B0VTKAPJ1VWR
7JlHQc9	https://liff.line.me/1654883387-DxN9w07M/c/01M1KMBMVSTWHXANG3QYVGDKTA
O3d76Jz	https://liff.line.me/1654883387-DxN9w07M/c/01M1K1K7AY8P04A8Q7S1GT3385
N8W8i6w	https://liff.line.me/1654883387-DxN9w07M/c/01M1KBSYX4ZAX77QR0V6PH3FN1
sokqhfz	https://liff.line.me/1654883387-DxN9w07M/c/01M1K1GV5CYJ64SCGFZNDWE9RZ
